Time,PopBio,Temp,Time_units,PopBio_units,Species,Medium,rep,Citation
345.07029166765,2934.02518500176,10,Hours,N,Lactobaciulus plantarum,MRS,1,"Zwietering, M.H., De Wit, J.C., Cuppers, H.G.A.M. and Van't Riet, K., 1994. Modeling of bacterial growth with shifts in temperature. Appl. Environ. Microbiol., 60(1), pp.204-213."
320.900783443849,2517.07210322907,10,Hours,N,Lactobaciulus plantarum,MRS,1,"Zwietering, M.H., De Wit, J.C., Cuppers, H.G.A.M. and Van't Riet, K., 1994. Modeling of bacterial growth with shifts in temperature. Appl. Environ. Microbiol., 60(1), pp.204-213."
314.290328480072,3434.28022121038,10,Hours,N,Lactobaciulus plantarum,MRS,1,"Zwietering, M.H., De Wit, J.C., Cuppers, H.G.A.M. and Van't Riet, K., 1994. Modeling of bacterial growth with shifts in temperature. Appl. Environ. Microbiol., 60(1), pp.204-213."
310.74093848078,2329.70833347797,10,Hours,N,Lactobaciulus plantarum,MRS,1,"Zwietering, M.H., De Wit, J.C., Cuppers, H.G.A.M. and Van't Riet, K., 1994. Modeling of bacterial growth with shifts in temperature. Appl. Environ. Microbiol., 60(1), pp.204-213."
294.645827925526,2420.95029467491,10,Hours,N,Lactobaciulus plantarum,MRS,1,"Zwietering, M.H., De Wit, J.C., Cuppers, H.G.A.M. and Van't Riet, K., 1994. Modeling of bacterial growth with shifts in temperature. Appl. Environ. Microbiol., 60(1), pp.204-213."
288.766311914482,4212.10666156308,10,Hours,N,Lactobaciulus plantarum,MRS,1,"Zwietering, M.H., De Wit, J.C., Cuppers, H.G.A.M. and Van't Riet, K., 1994. Modeling of bacterial growth with shifts in temperature. Appl. Environ. Microbiol., 60(1), pp.204-213."
291.282269863369,7072.42870947292,10,Hours,N,Lactobaciulus plantarum,MRS,1,"Zwietering, M.H., De Wit, J.C., Cuppers, H.G.A.M. and Van't Riet, K., 1994. Modeling of bacterial growth with shifts in temperature. Appl. Environ. Microbiol., 60(1), pp.204-213."
285.32635627817,6751.33363193727,10,Hours,N,Lactobaciulus plantarum,MRS,1,"Zwietering, M.H., De Wit, J.C., Cuppers, H.G.A.M. and Van't Riet, K., 1994. Modeling of bacterial growth with shifts in temperature. Appl. Environ. Microbiol., 60(1), pp.204-213."
263.911290322581,4049.15230689289,10,Hours,N,Lactobaciulus plantarum,MRS,1,"Zwietering, M.H., De Wit, J.C., Cuppers, H.G.A.M. and Van't Riet, K., 1994. Modeling of bacterial growth with shifts in temperature. Appl. Environ. Microbiol., 60(1), pp.204-213."
266.286841918965,2255.91534731848,10,Hours,N,Lactobaciulus plantarum,MRS,1,"Zwietering, M.H., De Wit, J.C., Cuppers, H.G.A.M. and Van't Riet, K., 1994. Modeling of bacterial growth with shifts in temperature. Appl. Environ. Microbiol., 60(1), pp.204-213."
270.494902895439,2403.41839041153,10,Hours,N,Lactobaciulus plantarum,MRS,1,"Zwietering, M.H., De Wit, J.C., Cuppers, H.G.A.M. and Van't Riet, K., 1994. Modeling of bacterial growth with shifts in temperature. Appl. Environ. Microbiol., 60(1), pp.204-213."
261.378813979281,2118.01460038391,10,Hours,N,Lactobaciulus plantarum,MRS,1,"Zwietering, M.H., De Wit, J.C., Cuppers, H.G.A.M. and Van't Riet, K., 1994. Modeling of bacterial growth with shifts in temperature. Appl. Environ. Microbiol., 60(1), pp.204-213."
263.087435401279,1530.14383691849,10,Hours,N,Lactobaciulus plantarum,MRS,1,"Zwietering, M.H., De Wit, J.C., Cuppers, H.G.A.M. and Van't Riet, K., 1994. Modeling of bacterial growth with shifts in temperature. Appl. Environ. Microbiol., 60(1), pp.204-213."
266.245545932935,1630.82716275203,10,Hours,N,Lactobaciulus plantarum,MRS,1,"Zwietering, M.H., De Wit, J.C., Cuppers, H.G.A.M. and Van't Riet, K., 1994. Modeling of bacterial growth with shifts in temperature. Appl. Environ. Microbiol., 60(1), pp.204-213."
266.957901691956,1797.0893200264,10,Hours,N,Lactobaciulus plantarum,MRS,1,"Zwietering, M.H., De Wit, J.C., Cuppers, H.G.A.M. and Van't Riet, K., 1994. Modeling of bacterial growth with shifts in temperature. Appl. Environ. Microbiol., 60(1), pp.204-213."
253.374619486986,3035.51032898423,10,Hours,N,Lactobaciulus plantarum,MRS,1,"Zwietering, M.H., De Wit, J.C., Cuppers, H.G.A.M. and Van't Riet, K., 1994. Modeling of bacterial growth with shifts in temperature. Appl. Environ. Microbiol., 60(1), pp.204-213."
243.542045213205,2350.05524349485,10,Hours,N,Lactobaciulus plantarum,MRS,1,"Zwietering, M.H., De Wit, J.C., Cuppers, H.G.A.M. and Van't Riet, K., 1994. Modeling of bacterial growth with shifts in temperature. Appl. Environ. Microbiol., 60(1), pp.204-213."
247.019167236945,1963.4110808933,10,Hours,N,Lactobaciulus plantarum,MRS,1,"Zwietering, M.H., De Wit, J.C., Cuppers, H.G.A.M. and Van't Riet, K., 1994. Modeling of bacterial growth with shifts in temperature. Appl. Environ. Microbiol., 60(1), pp.204-213."
238.2633857989,1876.21738991107,10,Hours,N,Lactobaciulus plantarum,MRS,1,"Zwietering, M.H., De Wit, J.C., Cuppers, H.G.A.M. and Van't Riet, K., 1994. Modeling of bacterial growth with shifts in temperature. Appl. Environ. Microbiol., 60(1), pp.204-213."
239.014972744649,2813.93462302545,10,Hours,N,Lactobaciulus plantarum,MRS,1,"Zwietering, M.H., De Wit, J.C., Cuppers, H.G.A.M. and Van't Riet, K., 1994. Modeling of bacterial growth with shifts in temperature. Appl. Environ. Microbiol., 60(1), pp.204-213."
237.985670292848,3310.85782900467,10,Hours,N,Lactobaciulus plantarum,MRS,1,"Zwietering, M.H., De Wit, J.C., Cuppers, H.G.A.M. and Van't Riet, K., 1994. Modeling of bacterial growth with shifts in temperature. Appl. Environ. Microbiol., 60(1), pp.204-213."
241.769415012861,1967.23719388206,10,Hours,N,Lactobaciulus plantarum,MRS,1,"Zwietering, M.H., De Wit, J.C., Cuppers, H.G.A.M. and Van't Riet, K., 1994. Modeling of bacterial growth with shifts in temperature. Appl. Environ. Microbiol., 60(1), pp.204-213."
242.090491304245,1567.32823442527,10,Hours,N,Lactobaciulus plantarum,MRS,1,"Zwietering, M.H., De Wit, J.C., Cuppers, H.G.A.M. and Van't Riet, K., 1994. Modeling of bacterial growth with shifts in temperature. Appl. Environ. Microbiol., 60(1), pp.204-213."
238.932380772589,1470.56517889188,10,Hours,N,Lactobaciulus plantarum,MRS,1,"Zwietering, M.H., De Wit, J.C., Cuppers, H.G.A.M. and Van't Riet, K., 1994. Modeling of bacterial growth with shifts in temperature. Appl. Environ. Microbiol., 60(1), pp.204-213."
236.826285485051,1401.7973818741,10,Hours,N,Lactobaciulus plantarum,MRS,1,"Zwietering, M.H., De Wit, J.C., Cuppers, H.G.A.M. and Van't Riet, K., 1994. Modeling of bacterial growth with shifts in temperature. Appl. Environ. Microbiol., 60(1), pp.204-213."
230.240608112891,2323.66884033655,10,Hours,N,Lactobaciulus plantarum,MRS,1,"Zwietering, M.H., De Wit, J.C., Cuppers, H.G.A.M. and Van't Riet, K., 1994. Modeling of bacterial growth with shifts in temperature. Appl. Environ. Microbiol., 60(1), pp.204-213."
224.628483611393,2112.52389819229,10,Hours,N,Lactobaciulus plantarum,MRS,1,"Zwietering, M.H., De Wit, J.C., Cuppers, H.G.A.M. and Van't Riet, K., 1994. Modeling of bacterial growth with shifts in temperature. Appl. Environ. Microbiol., 60(1), pp.204-213."
219.689483682186,1554.96863924858,10,Hours,N,Lactobaciulus plantarum,MRS,1,"Zwietering, M.H., De Wit, J.C., Cuppers, H.G.A.M. and Van't Riet, K., 1994. Modeling of bacterial growth with shifts in temperature. Appl. Environ. Microbiol., 60(1), pp.204-213."
223.164540906624,1278.23015138339,10,Hours,N,Lactobaciulus plantarum,MRS,1,"Zwietering, M.H., De Wit, J.C., Cuppers, H.G.A.M. and Van't Riet, K., 1994. Modeling of bacterial growth with shifts in temperature. Appl. Environ. Microbiol., 60(1), pp.204-213."
215.788045401987,1038.00174088083,10,Hours,N,Lactobaciulus plantarum,MRS,1,"Zwietering, M.H., De Wit, J.C., Cuppers, H.G.A.M. and Van't Riet, K., 1994. Modeling of bacterial growth with shifts in temperature. Appl. Environ. Microbiol., 60(1), pp.204-213."
210.35555843972,3870.83919501672,10,Hours,N,Lactobaciulus plantarum,MRS,1,"Zwietering, M.H., De Wit, J.C., Cuppers, H.G.A.M. and Van't Riet, K., 1994. Modeling of bacterial growth with shifts in temperature. Appl. Environ. Microbiol., 60(1), pp.204-213."
217.993251055997,2372.42660388242,10,Hours,N,Lactobaciulus plantarum,MRS,1,"Zwietering, M.H., De Wit, J.C., Cuppers, H.G.A.M. and Van't Riet, K., 1994. Modeling of bacterial growth with shifts in temperature. Appl. Environ. Microbiol., 60(1), pp.204-213."
214.485157042735,2226.24764178442,10,Hours,N,Lactobaciulus plantarum,MRS,1,"Zwietering, M.H., De Wit, J.C., Cuppers, H.G.A.M. and Van't Riet, K., 1994. Modeling of bacterial growth with shifts in temperature. Appl. Environ. Microbiol., 60(1), pp.204-213."
212.372867357293,2021.32994251005,10,Hours,N,Lactobaciulus plantarum,MRS,1,"Zwietering, M.H., De Wit, J.C., Cuppers, H.G.A.M. and Van't Riet, K., 1994. Modeling of bacterial growth with shifts in temperature. Appl. Environ. Microbiol., 60(1), pp.204-213."
215.86031337754,1831.46697206964,10,Hours,N,Lactobaciulus plantarum,MRS,1,"Zwietering, M.H., De Wit, J.C., Cuppers, H.G.A.M. and Van't Riet, K., 1994. Modeling of bacterial growth with shifts in temperature. Appl. Environ. Microbiol., 60(1), pp.204-213."
213.404234608396,1746.048984423,10,Hours,N,Lactobaciulus plantarum,MRS,1,"Zwietering, M.H., De Wit, J.C., Cuppers, H.G.A.M. and Van't Riet, K., 1994. Modeling of bacterial growth with shifts in temperature. Appl. Environ. Microbiol., 60(1), pp.204-213."
199.406960143474,1783.84372231027,10,Hours,N,Lactobaciulus plantarum,MRS,1,"Zwietering, M.H., De Wit, J.C., Cuppers, H.G.A.M. and Van't Riet, K., 1994. Modeling of bacterial growth with shifts in temperature. Appl. Environ. Microbiol., 60(1), pp.204-213."
196.563731505298,1270.12693595585,10,Hours,N,Lactobaciulus plantarum,MRS,1,"Zwietering, M.H., De Wit, J.C., Cuppers, H.G.A.M. and Van't Riet, K., 1994. Modeling of bacterial growth with shifts in temperature. Appl. Environ. Microbiol., 60(1), pp.204-213."
191.655703565613,1192.4859671233,10,Hours,N,Lactobaciulus plantarum,MRS,1,"Zwietering, M.H., De Wit, J.C., Cuppers, H.G.A.M. and Van't Riet, K., 1994. Modeling of bacterial growth with shifts in temperature. Appl. Environ. Microbiol., 60(1), pp.204-213."
180.925973995328,3067.98846541332,10,Hours,N,Lactobaciulus plantarum,MRS,1,"Zwietering, M.H., De Wit, J.C., Cuppers, H.G.A.M. and Van't Riet, K., 1994. Modeling of bacterial growth with shifts in temperature. Appl. Environ. Microbiol., 60(1), pp.204-213."
187.540558557708,2322.76426774629,10,Hours,N,Lactobaciulus plantarum,MRS,1,"Zwietering, M.H., De Wit, J.C., Cuppers, H.G.A.M. and Van't Riet, K., 1994. Modeling of bacterial growth with shifts in temperature. Appl. Environ. Microbiol., 60(1), pp.204-213."
186.826137999387,2073.94706080735,10,Hours,N,Lactobaciulus plantarum,MRS,1,"Zwietering, M.H., De Wit, J.C., Cuppers, H.G.A.M. and Van't Riet, K., 1994. Modeling of bacterial growth with shifts in temperature. Appl. Environ. Microbiol., 60(1), pp.204-213."
191.017680581448,1940.61016830138,10,Hours,N,Lactobaciulus plantarum,MRS,1,"Zwietering, M.H., De Wit, J.C., Cuppers, H.G.A.M. and Van't Riet, K., 1994. Modeling of bacterial growth with shifts in temperature. Appl. Environ. Microbiol., 60(1), pp.204-213."
190.305324822427,1761.06982525063,10,Hours,N,Lactobaciulus plantarum,MRS,1,"Zwietering, M.H., De Wit, J.C., Cuppers, H.G.A.M. and Van't Riet, K., 1994. Modeling of bacterial growth with shifts in temperature. Appl. Environ. Microbiol., 60(1), pp.204-213."
194.151013521486,1702.41353766436,10,Hours,N,Lactobaciulus plantarum,MRS,1,"Zwietering, M.H., De Wit, J.C., Cuppers, H.G.A.M. and Van't Riet, K., 1994. Modeling of bacterial growth with shifts in temperature. Appl. Environ. Microbiol., 60(1), pp.204-213."
192.740755598556,1570.58632704838,10,Hours,N,Lactobaciulus plantarum,MRS,1,"Zwietering, M.H., De Wit, J.C., Cuppers, H.G.A.M. and Van't Riet, K., 1994. Modeling of bacterial growth with shifts in temperature. Appl. Environ. Microbiol., 60(1), pp.204-213."
181.520636194162,1340.93612639016,10,Hours,N,Lactobaciulus plantarum,MRS,1,"Zwietering, M.H., De Wit, J.C., Cuppers, H.G.A.M. and Van't Riet, K., 1994. Modeling of bacterial growth with shifts in temperature. Appl. Environ. Microbiol., 60(1), pp.204-213."
176.950202940274,1142.04552761907,10,Hours,N,Lactobaciulus plantarum,MRS,1,"Zwietering, M.H., De Wit, J.C., Cuppers, H.G.A.M. and Van't Riet, K., 1994. Modeling of bacterial growth with shifts in temperature. Appl. Environ. Microbiol., 60(1), pp.204-213."
173.098319843311,1125.27248492843,10,Hours,N,Lactobaciulus plantarum,MRS,1,"Zwietering, M.H., De Wit, J.C., Cuppers, H.G.A.M. and Van't Riet, K., 1994. Modeling of bacterial growth with shifts in temperature. Appl. Environ. Microbiol., 60(1), pp.204-213."
175.227127923166,1411.10687479735,10,Hours,N,Lactobaciulus plantarum,MRS,1,"Zwietering, M.H., De Wit, J.C., Cuppers, H.G.A.M. and Van't Riet, K., 1994. Modeling of bacterial growth with shifts in temperature. Appl. Environ. Microbiol., 60(1), pp.204-213."
173.125162234231,1389.4801928687,10,Hours,N,Lactobaciulus plantarum,MRS,1,"Zwietering, M.H., De Wit, J.C., Cuppers, H.G.A.M. and Van't Riet, K., 1994. Modeling of bacterial growth with shifts in temperature. Appl. Environ. Microbiol., 60(1), pp.204-213."
169.668688203507,1956.03501705432,10,Hours,N,Lactobaciulus plantarum,MRS,1,"Zwietering, M.H., De Wit, J.C., Cuppers, H.G.A.M. and Van't Riet, K., 1994. Modeling of bacterial growth with shifts in temperature. Appl. Environ. Microbiol., 60(1), pp.204-213."
163.078881232744,3138.87577871694,10,Hours,N,Lactobaciulus plantarum,MRS,1,"Zwietering, M.H., De Wit, J.C., Cuppers, H.G.A.M. and Van't Riet, K., 1994. Modeling of bacterial growth with shifts in temperature. Appl. Environ. Microbiol., 60(1), pp.204-213."
164.408611982915,1807.14665768988,10,Hours,N,Lactobaciulus plantarum,MRS,1,"Zwietering, M.H., De Wit, J.C., Cuppers, H.G.A.M. and Van't Riet, K., 1994. Modeling of bacterial growth with shifts in temperature. Appl. Environ. Microbiol., 60(1), pp.204-213."
166.827524364632,1415.50918050114,10,Hours,N,Lactobaciulus plantarum,MRS,1,"Zwietering, M.H., De Wit, J.C., Cuppers, H.G.A.M. and Van't Riet, K., 1994. Modeling of bacterial growth with shifts in temperature. Appl. Environ. Microbiol., 60(1), pp.204-213."
170.681472260896,1460.10521206043,10,Hours,N,Lactobaciulus plantarum,MRS,1,"Zwietering, M.H., De Wit, J.C., Cuppers, H.G.A.M. and Van't Riet, K., 1994. Modeling of bacterial growth with shifts in temperature. Appl. Environ. Microbiol., 60(1), pp.204-213."
167.515102532034,1283.88315195279,10,Hours,N,Lactobaciulus plantarum,MRS,1,"Zwietering, M.H., De Wit, J.C., Cuppers, H.G.A.M. and Van't Riet, K., 1994. Modeling of bacterial growth with shifts in temperature. Appl. Environ. Microbiol., 60(1), pp.204-213."
169.240242348444,1056.07497736061,10,Hours,N,Lactobaciulus plantarum,MRS,1,"Zwietering, M.H., De Wit, J.C., Cuppers, H.G.A.M. and Van't Riet, K., 1994. Modeling of bacterial growth with shifts in temperature. Appl. Environ. Microbiol., 60(1), pp.204-213."
171.667413927366,882.667257203259,10,Hours,N,Lactobaciulus plantarum,MRS,1,"Zwietering, M.H., De Wit, J.C., Cuppers, H.G.A.M. and Van't Riet, K., 1994. Modeling of bacterial growth with shifts in temperature. Appl. Environ. Microbiol., 60(1), pp.204-213."
163.96364773344,856.930461662486,10,Hours,N,Lactobaciulus plantarum,MRS,1,"Zwietering, M.H., De Wit, J.C., Cuppers, H.G.A.M. and Van't Riet, K., 1994. Modeling of bacterial growth with shifts in temperature. Appl. Environ. Microbiol., 60(1), pp.204-213."
156.292918328339,1078.51461757136,10,Hours,N,Lactobaciulus plantarum,MRS,1,"Zwietering, M.H., De Wit, J.C., Cuppers, H.G.A.M. and Van't Riet, K., 1994. Modeling of bacterial growth with shifts in temperature. Appl. Environ. Microbiol., 60(1), pp.204-213."
151.811271444416,1845.30566916975,10,Hours,N,Lactobaciulus plantarum,MRS,1,"Zwietering, M.H., De Wit, J.C., Cuppers, H.G.A.M. and Van't Riet, K., 1994. Modeling of bacterial growth with shifts in temperature. Appl. Environ. Microbiol., 60(1), pp.204-213."
147.710580031621,4026.61750495639,10,Hours,N,Lactobaciulus plantarum,MRS,1,"Zwietering, M.H., De Wit, J.C., Cuppers, H.G.A.M. and Van't Riet, K., 1994. Modeling of bacterial growth with shifts in temperature. Appl. Environ. Microbiol., 60(1), pp.204-213."
147.158246218468,821.322872036586,10,Hours,N,Lactobaciulus plantarum,MRS,1,"Zwietering, M.H., De Wit, J.C., Cuppers, H.G.A.M. and Van't Riet, K., 1994. Modeling of bacterial growth with shifts in temperature. Appl. Environ. Microbiol., 60(1), pp.204-213."
152.760046723459,833.024558616045,10,Hours,N,Lactobaciulus plantarum,MRS,1,"Zwietering, M.H., De Wit, J.C., Cuppers, H.G.A.M. and Van't Riet, K., 1994. Modeling of bacterial growth with shifts in temperature. Appl. Environ. Microbiol., 60(1), pp.204-213."
146.172304551998,1358.62953616836,10,Hours,N,Lactobaciulus plantarum,MRS,1,"Zwietering, M.H., De Wit, J.C., Cuppers, H.G.A.M. and Van't Riet, K., 1994. Modeling of bacterial growth with shifts in temperature. Appl. Environ. Microbiol., 60(1), pp.204-213."
143.687318592633,1032.09097471343,10,Hours,N,Lactobaciulus plantarum,MRS,1,"Zwietering, M.H., De Wit, J.C., Cuppers, H.G.A.M. and Van't Riet, K., 1994. Modeling of bacterial growth with shifts in temperature. Appl. Environ. Microbiol., 60(1), pp.204-213."
138.775161054346,938.064378863594,10,Hours,N,Lactobaciulus plantarum,MRS,1,"Zwietering, M.H., De Wit, J.C., Cuppers, H.G.A.M. and Van't Riet, K., 1994. Modeling of bacterial growth with shifts in temperature. Appl. Environ. Microbiol., 60(1), pp.204-213."
140.837895556552,699.956535537953,10,Hours,N,Lactobaciulus plantarum,MRS,1,"Zwietering, M.H., De Wit, J.C., Cuppers, H.G.A.M. and Van't Riet, K., 1994. Modeling of bacterial growth with shifts in temperature. Appl. Environ. Microbiol., 60(1), pp.204-213."
140.160641385657,836.92584443471,10,Hours,N,Lactobaciulus plantarum,MRS,1,"Zwietering, M.H., De Wit, J.C., Cuppers, H.G.A.M. and Van't Riet, K., 1994. Modeling of bacterial growth with shifts in temperature. Appl. Environ. Microbiol., 60(1), pp.204-213."
146.76490195153,584.264739734107,10,Hours,N,Lactobaciulus plantarum,MRS,1,"Zwietering, M.H., De Wit, J.C., Cuppers, H.G.A.M. and Van't Riet, K., 1994. Modeling of bacterial growth with shifts in temperature. Appl. Environ. Microbiol., 60(1), pp.204-213."
132.753173891498,532.831457031623,10,Hours,N,Lactobaciulus plantarum,MRS,1,"Zwietering, M.H., De Wit, J.C., Cuppers, H.G.A.M. and Van't Riet, K., 1994. Modeling of bacterial growth with shifts in temperature. Appl. Environ. Microbiol., 60(1), pp.204-213."
126.181950114449,989.461836600767,10,Hours,N,Lactobaciulus plantarum,MRS,1,"Zwietering, M.H., De Wit, J.C., Cuppers, H.G.A.M. and Van't Riet, K., 1994. Modeling of bacterial growth with shifts in temperature. Appl. Environ. Microbiol., 60(1), pp.204-213."
129.725145715836,1389.29986757065,10,Hours,N,Lactobaciulus plantarum,MRS,1,"Zwietering, M.H., De Wit, J.C., Cuppers, H.G.A.M. and Van't Riet, K., 1994. Modeling of bacterial growth with shifts in temperature. Appl. Environ. Microbiol., 60(1), pp.204-213."
120.265267715978,1285.55055212136,10,Hours,N,Lactobaciulus plantarum,MRS,1,"Zwietering, M.H., De Wit, J.C., Cuppers, H.G.A.M. and Van't Riet, K., 1994. Modeling of bacterial growth with shifts in temperature. Appl. Environ. Microbiol., 60(1), pp.204-213."
118.086904452887,694.526971953916,10,Hours,N,Lactobaciulus plantarum,MRS,1,"Zwietering, M.H., De Wit, J.C., Cuppers, H.G.A.M. and Van't Riet, K., 1994. Modeling of bacterial growth with shifts in temperature. Appl. Environ. Microbiol., 60(1), pp.204-213."
105.907685772943,1211.20370453175,10,Hours,N,Lactobaciulus plantarum,MRS,1,"Zwietering, M.H., De Wit, J.C., Cuppers, H.G.A.M. and Van't Riet, K., 1994. Modeling of bacterial growth with shifts in temperature. Appl. Environ. Microbiol., 60(1), pp.204-213."
98.5146718738938,863.853843234099,10,Hours,N,Lactobaciulus plantarum,MRS,1,"Zwietering, M.H., De Wit, J.C., Cuppers, H.G.A.M. and Van't Riet, K., 1994. Modeling of bacterial growth with shifts in temperature. Appl. Environ. Microbiol., 60(1), pp.204-213."
93.2587252519055,824.420020034314,10,Hours,N,Lactobaciulus plantarum,MRS,1,"Zwietering, M.H., De Wit, J.C., Cuppers, H.G.A.M. and Van't Riet, K., 1994. Modeling of bacterial growth with shifts in temperature. Appl. Environ. Microbiol., 60(1), pp.204-213."
118.751769827973,526.985603726898,10,Hours,N,Lactobaciulus plantarum,MRS,1,"Zwietering, M.H., De Wit, J.C., Cuppers, H.G.A.M. and Van't Riet, K., 1994. Modeling of bacterial growth with shifts in temperature. Appl. Environ. Microbiol., 60(1), pp.204-213."
123.299490289544,517.630968153498,10,Hours,N,Lactobaciulus plantarum,MRS,1,"Zwietering, M.H., De Wit, J.C., Cuppers, H.G.A.M. and Van't Riet, K., 1994. Modeling of bacterial growth with shifts in temperature. Appl. Environ. Microbiol., 60(1), pp.204-213."
123.606112985818,368.131753366134,10,Hours,N,Lactobaciulus plantarum,MRS,1,"Zwietering, M.H., De Wit, J.C., Cuppers, H.G.A.M. and Van't Riet, K., 1994. Modeling of bacterial growth with shifts in temperature. Appl. Environ. Microbiol., 60(1), pp.204-213."
122.210308657998,380.469834375042,10,Hours,N,Lactobaciulus plantarum,MRS,1,"Zwietering, M.H., De Wit, J.C., Cuppers, H.G.A.M. and Van't Riet, K., 1994. Modeling of bacterial growth with shifts in temperature. Appl. Environ. Microbiol., 60(1), pp.204-213."
119.704674705619,245.742191335906,10,Hours,N,Lactobaciulus plantarum,MRS,1,"Zwietering, M.H., De Wit, J.C., Cuppers, H.G.A.M. and Van't Riet, K., 1994. Modeling of bacterial growth with shifts in temperature. Appl. Environ. Microbiol., 60(1), pp.204-213."
103.210025485523,173.03046598299,10,Hours,N,Lactobaciulus plantarum,MRS,1,"Zwietering, M.H., De Wit, J.C., Cuppers, H.G.A.M. and Van't Riet, K., 1994. Modeling of bacterial growth with shifts in temperature. Appl. Environ. Microbiol., 60(1), pp.204-213."
98.6746938197607,194.167051845769,10,Hours,N,Lactobaciulus plantarum,MRS,1,"Zwietering, M.H., De Wit, J.C., Cuppers, H.G.A.M. and Van't Riet, K., 1994. Modeling of bacterial growth with shifts in temperature. Appl. Environ. Microbiol., 60(1), pp.204-213."
89.5689289001109,185.568313903805,10,Hours,N,Lactobaciulus plantarum,MRS,1,"Zwietering, M.H., De Wit, J.C., Cuppers, H.G.A.M. and Van't Riet, K., 1994. Modeling of bacterial growth with shifts in temperature. Appl. Environ. Microbiol., 60(1), pp.204-213."
90.2234702786889,129.832895020921,10,Hours,N,Lactobaciulus plantarum,MRS,1,"Zwietering, M.H., De Wit, J.C., Cuppers, H.G.A.M. and Van't Riet, K., 1994. Modeling of bacterial growth with shifts in temperature. Appl. Environ. Microbiol., 60(1), pp.204-213."
98.6395922316351,147.366206285818,10,Hours,N,Lactobaciulus plantarum,MRS,1,"Zwietering, M.H., De Wit, J.C., Cuppers, H.G.A.M. and Van't Riet, K., 1994. Modeling of bacterial growth with shifts in temperature. Appl. Environ. Microbiol., 60(1), pp.204-213."
105.618613870732,124.972124643695,10,Hours,N,Lactobaciulus plantarum,MRS,1,"Zwietering, M.H., De Wit, J.C., Cuppers, H.G.A.M. and Van't Riet, K., 1994. Modeling of bacterial growth with shifts in temperature. Appl. Environ. Microbiol., 60(1), pp.204-213."
98.606555442811,113.675274987617,10,Hours,N,Lactobaciulus plantarum,MRS,1,"Zwietering, M.H., De Wit, J.C., Cuppers, H.G.A.M. and Van't Riet, K., 1994. Modeling of bacterial growth with shifts in temperature. Appl. Environ. Microbiol., 60(1), pp.204-213."
98.602425844208,110.046067393643,10,Hours,N,Lactobaciulus plantarum,MRS,1,"Zwietering, M.H., De Wit, J.C., Cuppers, H.G.A.M. and Van't Riet, K., 1994. Modeling of bacterial growth with shifts in temperature. Appl. Environ. Microbiol., 60(1), pp.204-213."
98.5693890553838,84.8872837780451,10,Hours,N,Lactobaciulus plantarum,MRS,1,"Zwietering, M.H., De Wit, J.C., Cuppers, H.G.A.M. and Van't Riet, K., 1994. Modeling of bacterial growth with shifts in temperature. Appl. Environ. Microbiol., 60(1), pp.204-213."
100.623864360384,59.3605741492295,10,Hours,N,Lactobaciulus plantarum,MRS,1,"Zwietering, M.H., De Wit, J.C., Cuppers, H.G.A.M. and Van't Riet, K., 1994. Modeling of bacterial growth with shifts in temperature. Appl. Environ. Microbiol., 60(1), pp.204-213."
97.8157373103334,55.6885676872289,10,Hours,N,Lactobaciulus plantarum,MRS,1,"Zwietering, M.H., De Wit, J.C., Cuppers, H.G.A.M. and Van't Riet, K., 1994. Modeling of bacterial growth with shifts in temperature. Appl. Environ. Microbiol., 60(1), pp.204-213."
75.4828680652241,94.3707156228903,10,Hours,N,Lactobaciulus plantarum,MRS,1,"Zwietering, M.H., De Wit, J.C., Cuppers, H.G.A.M. and Van't Riet, K., 1994. Modeling of bacterial growth with shifts in temperature. Appl. Environ. Microbiol., 60(1), pp.204-213."
83.182504660547,94.1016411287896,10,Hours,N,Lactobaciulus plantarum,MRS,1,"Zwietering, M.H., De Wit, J.C., Cuppers, H.G.A.M. and Van't Riet, K., 1994. Modeling of bacterial growth with shifts in temperature. Appl. Environ. Microbiol., 60(1), pp.204-213."
81.0743445737074,88.2576624503968,10,Hours,N,Lactobaciulus plantarum,MRS,1,"Zwietering, M.H., De Wit, J.C., Cuppers, H.G.A.M. and Van't Riet, K., 1994. Modeling of bacterial growth with shifts in temperature. Appl. Environ. Microbiol., 60(1), pp.204-213."
82.3875569294665,44.6278275091139,10,Hours,N,Lactobaciulus plantarum,MRS,1,"Zwietering, M.H., De Wit, J.C., Cuppers, H.G.A.M. and Van't Riet, K., 1994. Modeling of bacterial growth with shifts in temperature. Appl. Environ. Microbiol., 60(1), pp.204-213."
79.5959482738278,47.6693956357063,10,Hours,N,Lactobaciulus plantarum,MRS,1,"Zwietering, M.H., De Wit, J.C., Cuppers, H.G.A.M. and Van't Riet, K., 1994. Modeling of bacterial growth with shifts in temperature. Appl. Environ. Microbiol., 60(1), pp.204-213."
69.8418363735045,68.3634924243575,10,Hours,N,Lactobaciulus plantarum,MRS,1,"Zwietering, M.H., De Wit, J.C., Cuppers, H.G.A.M. and Van't Riet, K., 1994. Modeling of bacterial growth with shifts in temperature. Appl. Environ. Microbiol., 60(1), pp.204-213."
61.4711400051915,86.0631876045526,10,Hours,N,Lactobaciulus plantarum,MRS,1,"Zwietering, M.H., De Wit, J.C., Cuppers, H.G.A.M. and Van't Riet, K., 1994. Modeling of bacterial growth with shifts in temperature. Appl. Environ. Microbiol., 60(1), pp.204-213."
49.5675720319985,83.6839908485723,10,Hours,N,Lactobaciulus plantarum,MRS,1,"Zwietering, M.H., De Wit, J.C., Cuppers, H.G.A.M. and Van't Riet, K., 1994. Modeling of bacterial growth with shifts in temperature. Appl. Environ. Microbiol., 60(1), pp.204-213."
57.8845836184723,43.5973282758858,10,Hours,N,Lactobaciulus plantarum,MRS,1,"Zwietering, M.H., De Wit, J.C., Cuppers, H.G.A.M. and Van't Riet, K., 1994. Modeling of bacterial growth with shifts in temperature. Appl. Environ. Microbiol., 60(1), pp.204-213."
60.672062675508,39.5124982331067,10,Hours,N,Lactobaciulus plantarum,MRS,1,"Zwietering, M.H., De Wit, J.C., Cuppers, H.G.A.M. and Van't Riet, K., 1994. Modeling of bacterial growth with shifts in temperature. Appl. Environ. Microbiol., 60(1), pp.204-213."
72.5302050640678,28.4382707625028,10,Hours,N,Lactobaciulus plantarum,MRS,1,"Zwietering, M.H., De Wit, J.C., Cuppers, H.G.A.M. and Van't Riet, K., 1994. Modeling of bacterial growth with shifts in temperature. Appl. Environ. Microbiol., 60(1), pp.204-213."
67.7047690964439,51.0903714829122,10,Hours,N,Lactobaciulus plantarum,MRS,1,"Zwietering, M.H., De Wit, J.C., Cuppers, H.G.A.M. and Van't Riet, K., 1994. Modeling of bacterial growth with shifts in temperature. Appl. Environ. Microbiol., 60(1), pp.204-213."
66.3007055714185,49.4849388606752,10,Hours,N,Lactobaciulus plantarum,MRS,1,"Zwietering, M.H., De Wit, J.C., Cuppers, H.G.A.M. and Van't Riet, K., 1994. Modeling of bacterial growth with shifts in temperature. Appl. Environ. Microbiol., 60(1), pp.204-213."
73.2755976119121,40.6253206337966,10,Hours,N,Lactobaciulus plantarum,MRS,1,"Zwietering, M.H., De Wit, J.C., Cuppers, H.G.A.M. and Van't Riet, K., 1994. Modeling of bacterial growth with shifts in temperature. Appl. Environ. Microbiol., 60(1), pp.204-213."
72.5591122542889,35.6897568000331,10,Hours,N,Lactobaciulus plantarum,MRS,1,"Zwietering, M.H., De Wit, J.C., Cuppers, H.G.A.M. and Van't Riet, K., 1994. Modeling of bacterial growth with shifts in temperature. Appl. Environ. Microbiol., 60(1), pp.204-213."
67.6180475257805,25.8474586566257,10,Hours,N,Lactobaciulus plantarum,MRS,1,"Zwietering, M.H., De Wit, J.C., Cuppers, H.G.A.M. and Van't Riet, K., 1994. Modeling of bacterial growth with shifts in temperature. Appl. Environ. Microbiol., 60(1), pp.204-213."
61.9687566368549,17.5477674171549,10,Hours,N,Lactobaciulus plantarum,MRS,1,"Zwietering, M.H., De Wit, J.C., Cuppers, H.G.A.M. and Van't Riet, K., 1994. Modeling of bacterial growth with shifts in temperature. Appl. Environ. Microbiol., 60(1), pp.204-213."
57.0483399013616,14.946983720795,10,Hours,N,Lactobaciulus plantarum,MRS,1,"Zwietering, M.H., De Wit, J.C., Cuppers, H.G.A.M. and Van't Riet, K., 1994. Modeling of bacterial growth with shifts in temperature. Appl. Environ. Microbiol., 60(1), pp.204-213."
51.4279562026571,12.7349717355263,10,Hours,N,Lactobaciulus plantarum,MRS,1,"Zwietering, M.H., De Wit, J.C., Cuppers, H.G.A.M. and Van't Riet, K., 1994. Modeling of bacterial growth with shifts in temperature. Appl. Environ. Microbiol., 60(1), pp.204-213."
44.5150081412087,25.2375106640665,10,Hours,N,Lactobaciulus plantarum,MRS,1,"Zwietering, M.H., De Wit, J.C., Cuppers, H.G.A.M. and Van't Riet, K., 1994. Modeling of bacterial growth with shifts in temperature. Appl. Environ. Microbiol., 60(1), pp.204-213."
56.4185761144017,25.955031457376,10,Hours,N,Lactobaciulus plantarum,MRS,1,"Zwietering, M.H., De Wit, J.C., Cuppers, H.G.A.M. and Van't Riet, K., 1994. Modeling of bacterial growth with shifts in temperature. Appl. Environ. Microbiol., 60(1), pp.204-213."
57.0937654859948,21.3579669540142,10,Hours,N,Lactobaciulus plantarum,MRS,1,"Zwietering, M.H., De Wit, J.C., Cuppers, H.G.A.M. and Van't Riet, K., 1994. Modeling of bacterial growth with shifts in temperature. Appl. Environ. Microbiol., 60(1), pp.204-213."
52.9022229039337,22.8254460955804,10,Hours,N,Lactobaciulus plantarum,MRS,1,"Zwietering, M.H., De Wit, J.C., Cuppers, H.G.A.M. and Van't Riet, K., 1994. Modeling of bacterial growth with shifts in temperature. Appl. Environ. Microbiol., 60(1), pp.204-213."
42.382070462751,19.4828649968992,10,Hours,N,Lactobaciulus plantarum,MRS,1,"Zwietering, M.H., De Wit, J.C., Cuppers, H.G.A.M. and Van't Riet, K., 1994. Modeling of bacterial growth with shifts in temperature. Appl. Environ. Microbiol., 60(1), pp.204-213."
43.7696155933643,17.6665968523878,10,Hours,N,Lactobaciulus plantarum,MRS,1,"Zwietering, M.H., De Wit, J.C., Cuppers, H.G.A.M. and Van't Riet, K., 1994. Modeling of bacterial growth with shifts in temperature. Appl. Environ. Microbiol., 60(1), pp.204-213."
72.7986289732638,234.341815829459,10,Hours,N,Lactobaciulus plantarum,MRS,1,"Zwietering, M.H., De Wit, J.C., Cuppers, H.G.A.M. and Van't Riet, K., 1994. Modeling of bacterial growth with shifts in temperature. Appl. Environ. Microbiol., 60(1), pp.204-213."
31.1619510583572,16.6340920393863,10,Hours,N,Lactobaciulus plantarum,MRS,1,"Zwietering, M.H., De Wit, J.C., Cuppers, H.G.A.M. and Van't Riet, K., 1994. Modeling of bacterial growth with shifts in temperature. Appl. Environ. Microbiol., 60(1), pp.204-213."
31.8536588243623,15.5848776008422,10,Hours,N,Lactobaciulus plantarum,MRS,1,"Zwietering, M.H., De Wit, J.C., Cuppers, H.G.A.M. and Van't Riet, K., 1994. Modeling of bacterial growth with shifts in temperature. Appl. Environ. Microbiol., 60(1), pp.204-213."
36.6956131863983,9.87719129854117,10,Hours,N,Lactobaciulus plantarum,MRS,1,"Zwietering, M.H., De Wit, J.C., Cuppers, H.G.A.M. and Van't Riet, K., 1994. Modeling of bacterial growth with shifts in temperature. Appl. Environ. Microbiol., 60(1), pp.204-213."
43.3163921466834,7.85094813748048,10,Hours,N,Lactobaciulus plantarum,MRS,1,"Zwietering, M.H., De Wit, J.C., Cuppers, H.G.A.M. and Van't Riet, K., 1994. Modeling of bacterial growth with shifts in temperature. Appl. Environ. Microbiol., 60(1), pp.204-213."
43.6250796422588,5.67480418141855,10,Hours,N,Lactobaciulus plantarum,MRS,1,"Zwietering, M.H., De Wit, J.C., Cuppers, H.G.A.M. and Van't Riet, K., 1994. Modeling of bacterial growth with shifts in temperature. Appl. Environ. Microbiol., 60(1), pp.204-213."
37.3336361705642,6.06943744317918,10,Hours,N,Lactobaciulus plantarum,MRS,1,"Zwietering, M.H., De Wit, J.C., Cuppers, H.G.A.M. and Van't Riet, K., 1994. Modeling of bacterial growth with shifts in temperature. Appl. Environ. Microbiol., 60(1), pp.204-213."
31.7215116690658,5.51792554288506,10,Hours,N,Lactobaciulus plantarum,MRS,1,"Zwietering, M.H., De Wit, J.C., Cuppers, H.G.A.M. and Van't Riet, K., 1994. Modeling of bacterial growth with shifts in temperature. Appl. Environ. Microbiol., 60(1), pp.204-213."
31.0256743044576,5.70138086856143,10,Hours,N,Lactobaciulus plantarum,MRS,1,"Zwietering, M.H., De Wit, J.C., Cuppers, H.G.A.M. and Van't Riet, K., 1994. Modeling of bacterial growth with shifts in temperature. Appl. Environ. Microbiol., 60(1), pp.204-213."
37.3047289803431,4.83624212830283,10,Hours,N,Lactobaciulus plantarum,MRS,1,"Zwietering, M.H., De Wit, J.C., Cuppers, H.G.A.M. and Van't Riet, K., 1994. Modeling of bacterial growth with shifts in temperature. Appl. Environ. Microbiol., 60(1), pp.204-213."
36.5882436227199,4.24868783045645,10,Hours,N,Lactobaciulus plantarum,MRS,1,"Zwietering, M.H., De Wit, J.C., Cuppers, H.G.A.M. and Van't Riet, K., 1994. Modeling of bacterial growth with shifts in temperature. Appl. Environ. Microbiol., 60(1), pp.204-213."
30.9885079170305,4.25751981483231,10,Hours,N,Lactobaciulus plantarum,MRS,1,"Zwietering, M.H., De Wit, J.C., Cuppers, H.G.A.M. and Van't Riet, K., 1994. Modeling of bacterial growth with shifts in temperature. Appl. Environ. Microbiol., 60(1), pp.204-213."
27.4804139037686,3.99518932729461,10,Hours,N,Lactobaciulus plantarum,MRS,1,"Zwietering, M.H., De Wit, J.C., Cuppers, H.G.A.M. and Van't Riet, K., 1994. Modeling of bacterial growth with shifts in temperature. Appl. Environ. Microbiol., 60(1), pp.204-213."
27.4680251079595,3.62462353557389,10,Hours,N,Lactobaciulus plantarum,MRS,1,"Zwietering, M.H., De Wit, J.C., Cuppers, H.G.A.M. and Van't Riet, K., 1994. Modeling of bacterial growth with shifts in temperature. Appl. Environ. Microbiol., 60(1), pp.204-213."
30.9389527337943,2.8844222895327,10,Hours,N,Lactobaciulus plantarum,MRS,1,"Zwietering, M.H., De Wit, J.C., Cuppers, H.G.A.M. and Van't Riet, K., 1994. Modeling of bacterial growth with shifts in temperature. Appl. Environ. Microbiol., 60(1), pp.204-213."
23.9805790877127,4.00037794539249,10,Hours,N,Lactobaciulus plantarum,MRS,1,"Zwietering, M.H., De Wit, J.C., Cuppers, H.G.A.M. and Van't Riet, K., 1994. Modeling of bacterial growth with shifts in temperature. Appl. Environ. Microbiol., 60(1), pp.204-213."
23.2640937300894,3.51437265606466,10,Hours,N,Lactobaciulus plantarum,MRS,1,"Zwietering, M.H., De Wit, J.C., Cuppers, H.G.A.M. and Van't Riet, K., 1994. Modeling of bacterial growth with shifts in temperature. Appl. Environ. Microbiol., 60(1), pp.204-213."
23.2475753356774,3.08661076285955,10,Hours,N,Lactobaciulus plantarum,MRS,1,"Zwietering, M.H., De Wit, J.C., Cuppers, H.G.A.M. and Van't Riet, K., 1994. Modeling of bacterial growth with shifts in temperature. Appl. Environ. Microbiol., 60(1), pp.204-213."
23.9310239044765,2.71021153490501,10,Hours,N,Lactobaciulus plantarum,MRS,1,"Zwietering, M.H., De Wit, J.C., Cuppers, H.G.A.M. and Van't Riet, K., 1994. Modeling of bacterial growth with shifts in temperature. Appl. Environ. Microbiol., 60(1), pp.204-213."
2.82464544446282,1.174915149451,10,Hours,N,Lactobaciulus plantarum,MRS,1,"Zwietering, M.H., De Wit, J.C., Cuppers, H.G.A.M. and Van't Riet, K., 1994. Modeling of bacterial growth with shifts in temperature. Appl. Environ. Microbiol., 60(1), pp.204-213."
7.76571017297121,1.62230401455085,10,Hours,N,Lactobaciulus plantarum,MRS,1,"Zwietering, M.H., De Wit, J.C., Cuppers, H.G.A.M. and Van't Riet, K., 1994. Modeling of bacterial growth with shifts in temperature. Appl. Environ. Microbiol., 60(1), pp.204-213."
9.88625905561983,1.90656439549845,10,Hours,N,Lactobaciulus plantarum,MRS,1,"Zwietering, M.H., De Wit, J.C., Cuppers, H.G.A.M. and Van't Riet, K., 1994. Modeling of bacterial growth with shifts in temperature. Appl. Environ. Microbiol., 60(1), pp.204-213."
9.91103664723792,2.31632980763494,10,Hours,N,Lactobaciulus plantarum,MRS,1,"Zwietering, M.H., De Wit, J.C., Cuppers, H.G.A.M. and Van't Riet, K., 1994. Modeling of bacterial growth with shifts in temperature. Appl. Environ. Microbiol., 60(1), pp.204-213."
14.127356820917,2.63323700461525,10,Hours,N,Lactobaciulus plantarum,MRS,1,"Zwietering, M.H., De Wit, J.C., Cuppers, H.G.A.M. and Van't Riet, K., 1994. Modeling of bacterial growth with shifts in temperature. Appl. Environ. Microbiol., 60(1), pp.204-213."
18.3725841848173,3.7568158447673,10,Hours,N,Lactobaciulus plantarum,MRS,1,"Zwietering, M.H., De Wit, J.C., Cuppers, H.G.A.M. and Van't Riet, K., 1994. Modeling of bacterial growth with shifts in temperature. Appl. Environ. Microbiol., 60(1), pp.204-213."
20.4229298912146,2.54321968420239,10,Hours,N,Lactobaciulus plantarum,MRS,1,"Zwietering, M.H., De Wit, J.C., Cuppers, H.G.A.M. and Van't Riet, K., 1994. Modeling of bacterial growth with shifts in temperature. Appl. Environ. Microbiol., 60(1), pp.204-213."
4.27000495551833,1.67798235089525,10,Hours,N,Lactobaciulus plantarum,MRS,1,"Zwietering, M.H., De Wit, J.C., Cuppers, H.G.A.M. and Van't Riet, K., 1994. Modeling of bacterial growth with shifts in temperature. Appl. Environ. Microbiol., 60(1), pp.204-213."
1.48665549708571,1.91251240656895,10,Hours,N,Lactobaciulus plantarum,MRS,1,"Zwietering, M.H., De Wit, J.C., Cuppers, H.G.A.M. and Van't Riet, K., 1994. Modeling of bacterial growth with shifts in temperature. Appl. Environ. Microbiol., 60(1), pp.204-213."
6.39055383816695,1.97199869925576,10,Hours,N,Lactobaciulus plantarum,MRS,1,"Zwietering, M.H., De Wit, J.C., Cuppers, H.G.A.M. and Van't Riet, K., 1994. Modeling of bacterial growth with shifts in temperature. Appl. Environ. Microbiol., 60(1), pp.204-213."
17.6148028411638,2.38589777065079,10,Hours,N,Lactobaciulus plantarum,MRS,1,"Zwietering, M.H., De Wit, J.C., Cuppers, H.G.A.M. and Van't Riet, K., 1994. Modeling of bacterial growth with shifts in temperature. Appl. Environ. Microbiol., 60(1), pp.204-213."
5.01126790475968,2.32054245914766,10,Hours,N,Lactobaciulus plantarum,MRS,1,"Zwietering, M.H., De Wit, J.C., Cuppers, H.G.A.M. and Van't Riet, K., 1994. Modeling of bacterial growth with shifts in temperature. Appl. Environ. Microbiol., 60(1), pp.204-213."
56.1367785553096,15294.2394564421,20,Hours,N,Lactobaciulus plantarum,MRS,1,"Zwietering, M.H., De Wit, J.C., Cuppers, H.G.A.M. and Van't Riet, K., 1994. Modeling of bacterial growth with shifts in temperature. Appl. Environ. Microbiol., 60(1), pp.204-213."
53.0791183958968,11429.92981391,20,Hours,N,Lactobaciulus plantarum,MRS,1,"Zwietering, M.H., De Wit, J.C., Cuppers, H.G.A.M. and Van't Riet, K., 1994. Modeling of bacterial growth with shifts in temperature. Appl. Environ. Microbiol., 60(1), pp.204-213."
52.9559105588685,8528.40841803186,20,Hours,N,Lactobaciulus plantarum,MRS,1,"Zwietering, M.H., De Wit, J.C., Cuppers, H.G.A.M. and Van't Riet, K., 1994. Modeling of bacterial growth with shifts in temperature. Appl. Environ. Microbiol., 60(1), pp.204-213."
51.8946976297423,8260.07764483255,20,Hours,N,Lactobaciulus plantarum,MRS,1,"Zwietering, M.H., De Wit, J.C., Cuppers, H.G.A.M. and Van't Riet, K., 1994. Modeling of bacterial growth with shifts in temperature. Appl. Environ. Microbiol., 60(1), pp.204-213."
51.3942927863997,9722.34946554203,20,Hours,N,Lactobaciulus plantarum,MRS,1,"Zwietering, M.H., De Wit, J.C., Cuppers, H.G.A.M. and Van't Riet, K., 1994. Modeling of bacterial growth with shifts in temperature. Appl. Environ. Microbiol., 60(1), pp.204-213."
51.8937740327631,9719.71582608475,20,Hours,N,Lactobaciulus plantarum,MRS,1,"Zwietering, M.H., De Wit, J.C., Cuppers, H.G.A.M. and Van't Riet, K., 1994. Modeling of bacterial growth with shifts in temperature. Appl. Environ. Microbiol., 60(1), pp.204-213."
50.0199804813172,11082.3112295096,20,Hours,N,Lactobaciulus plantarum,MRS,1,"Zwietering, M.H., De Wit, J.C., Cuppers, H.G.A.M. and Van't Riet, K., 1994. Modeling of bacterial growth with shifts in temperature. Appl. Environ. Microbiol., 60(1), pp.204-213."
50.021365876786,8682.12802333728,20,Hours,N,Lactobaciulus plantarum,MRS,1,"Zwietering, M.H., De Wit, J.C., Cuppers, H.G.A.M. and Van't Riet, K., 1994. Modeling of bacterial growth with shifts in temperature. Appl. Environ. Microbiol., 60(1), pp.204-213."
47.9559259521515,21271.2710320127,20,Hours,N,Lactobaciulus plantarum,MRS,1,"Zwietering, M.H., De Wit, J.C., Cuppers, H.G.A.M. and Van't Riet, K., 1994. Modeling of bacterial growth with shifts in temperature. Appl. Environ. Microbiol., 60(1), pp.204-213."
48.7073644544467,14388.3270322737,20,Hours,N,Lactobaciulus plantarum,MRS,1,"Zwietering, M.H., De Wit, J.C., Cuppers, H.G.A.M. and Van't Riet, K., 1994. Modeling of bacterial growth with shifts in temperature. Appl. Environ. Microbiol., 60(1), pp.204-213."
47.0205069315953,17506.959532558,20,Hours,N,Lactobaciulus plantarum,MRS,1,"Zwietering, M.H., De Wit, J.C., Cuppers, H.G.A.M. and Van't Riet, K., 1994. Modeling of bacterial growth with shifts in temperature. Appl. Environ. Microbiol., 60(1), pp.204-213."
45.02489093859,11668.3049871217,20,Hours,N,Lactobaciulus plantarum,MRS,1,"Zwietering, M.H., De Wit, J.C., Cuppers, H.G.A.M. and Van't Riet, K., 1994. Modeling of bacterial growth with shifts in temperature. Appl. Environ. Microbiol., 60(1), pp.204-213."
43.9002268969912,13516.8346468046,20,Hours,N,Lactobaciulus plantarum,MRS,1,"Zwietering, M.H., De Wit, J.C., Cuppers, H.G.A.M. and Van't Riet, K., 1994. Modeling of bacterial growth with shifts in temperature. Appl. Environ. Microbiol., 60(1), pp.204-213."
43.9641398079534,10418.1160964575,20,Hours,N,Lactobaciulus plantarum,MRS,1,"Zwietering, M.H., De Wit, J.C., Cuppers, H.G.A.M. and Van't Riet, K., 1994. Modeling of bacterial growth with shifts in temperature. Appl. Environ. Microbiol., 60(1), pp.204-213."
42.9039428355043,8436.62898181835,20,Hours,N,Lactobaciulus plantarum,MRS,1,"Zwietering, M.H., De Wit, J.C., Cuppers, H.G.A.M. and Van't Riet, K., 1994. Modeling of bacterial growth with shifts in temperature. Appl. Environ. Microbiol., 60(1), pp.204-213."
43.905214320679,5613.84006752849,20,Hours,N,Lactobaciulus plantarum,MRS,1,"Zwietering, M.H., De Wit, J.C., Cuppers, H.G.A.M. and Van't Riet, K., 1994. Modeling of bacterial growth with shifts in temperature. Appl. Environ. Microbiol., 60(1), pp.204-213."
36.9704787618875,12305.6871135916,20,Hours,N,Lactobaciulus plantarum,MRS,1,"Zwietering, M.H., De Wit, J.C., Cuppers, H.G.A.M. and Van't Riet, K., 1994. Modeling of bacterial growth with shifts in temperature. Appl. Environ. Microbiol., 60(1), pp.204-213."
38.0326152879929,10797.4273576572,20,Hours,N,Lactobaciulus plantarum,MRS,1,"Zwietering, M.H., De Wit, J.C., Cuppers, H.G.A.M. and Van't Riet, K., 1994. Modeling of bacterial growth with shifts in temperature. Appl. Environ. Microbiol., 60(1), pp.204-213."
35.9735481825151,8607.32941830588,20,Hours,N,Lactobaciulus plantarum,MRS,1,"Zwietering, M.H., De Wit, J.C., Cuppers, H.G.A.M. and Van't Riet, K., 1994. Modeling of bacterial growth with shifts in temperature. Appl. Environ. Microbiol., 60(1), pp.204-213."
34.4753815225188,8203.90405503712,20,Hours,N,Lactobaciulus plantarum,MRS,1,"Zwietering, M.H., De Wit, J.C., Cuppers, H.G.A.M. and Van't Riet, K., 1994. Modeling of bacterial growth with shifts in temperature. Appl. Environ. Microbiol., 60(1), pp.204-213."
36.9749120273877,5634.98242783242,20,Hours,N,Lactobaciulus plantarum,MRS,1,"Zwietering, M.H., De Wit, J.C., Cuppers, H.G.A.M. and Van't Riet, K., 1994. Modeling of bacterial growth with shifts in temperature. Appl. Environ. Microbiol., 60(1), pp.204-213."
36.9755585452732,5028.33217192779,20,Hours,N,Lactobaciulus plantarum,MRS,1,"Zwietering, M.H., De Wit, J.C., Cuppers, H.G.A.M. and Van't Riet, K., 1994. Modeling of bacterial growth with shifts in temperature. Appl. Environ. Microbiol., 60(1), pp.204-213."
32.9789696967831,5739.85324413041,20,Hours,N,Lactobaciulus plantarum,MRS,1,"Zwietering, M.H., De Wit, J.C., Cuppers, H.G.A.M. and Van't Riet, K., 1994. Modeling of bacterial growth with shifts in temperature. Appl. Environ. Microbiol., 60(1), pp.204-213."
31.979360686171,6435.83223709928,20,Hours,N,Lactobaciulus plantarum,MRS,1,"Zwietering, M.H., De Wit, J.C., Cuppers, H.G.A.M. and Van't Riet, K., 1994. Modeling of bacterial growth with shifts in temperature. Appl. Environ. Microbiol., 60(1), pp.204-213."
31.9804690025461,5294.21274529629,20,Hours,N,Lactobaciulus plantarum,MRS,1,"Zwietering, M.H., De Wit, J.C., Cuppers, H.G.A.M. and Van't Riet, K., 1994. Modeling of bacterial growth with shifts in temperature. Appl. Environ. Microbiol., 60(1), pp.204-213."
32.9813710489291,3759.76109641053,20,Hours,N,Lactobaciulus plantarum,MRS,1,"Zwietering, M.H., De Wit, J.C., Cuppers, H.G.A.M. and Van't Riet, K., 1994. Modeling of bacterial growth with shifts in temperature. Appl. Environ. Microbiol., 60(1), pp.204-213."
33.9172518679749,4211.22304487076,20,Hours,N,Lactobaciulus plantarum,MRS,1,"Zwietering, M.H., De Wit, J.C., Cuppers, H.G.A.M. and Van't Riet, K., 1994. Modeling of bacterial growth with shifts in temperature. Appl. Environ. Microbiol., 60(1), pp.204-213."
33.9163282709957,4955.38819807702,20,Hours,N,Lactobaciulus plantarum,MRS,1,"Zwietering, M.H., De Wit, J.C., Cuppers, H.G.A.M. and Van't Riet, K., 1994. Modeling of bacterial growth with shifts in temperature. Appl. Environ. Microbiol., 60(1), pp.204-213."
29.9829134558844,4965.9718496486,20,Hours,N,Lactobaciulus plantarum,MRS,1,"Zwietering, M.H., De Wit, J.C., Cuppers, H.G.A.M. and Van't Riet, K., 1994. Modeling of bacterial growth with shifts in temperature. Appl. Environ. Microbiol., 60(1), pp.204-213."
31.0433875074273,5840.1454603567,20,Hours,N,Lactobaciulus plantarum,MRS,1,"Zwietering, M.H., De Wit, J.C., Cuppers, H.G.A.M. and Van't Riet, K., 1994. Modeling of bacterial growth with shifts in temperature. Appl. Environ. Microbiol., 60(1), pp.204-213."
30.9192560734198,5127.6400238934,20,Hours,N,Lactobaciulus plantarum,MRS,1,"Zwietering, M.H., De Wit, J.C., Cuppers, H.G.A.M. and Van't Riet, K., 1994. Modeling of bacterial growth with shifts in temperature. Appl. Environ. Microbiol., 60(1), pp.204-213."
31.0457888595732,3825.45524516355,20,Hours,N,Lactobaciulus plantarum,MRS,1,"Zwietering, M.H., De Wit, J.C., Cuppers, H.G.A.M. and Van't Riet, K., 1994. Modeling of bacterial growth with shifts in temperature. Appl. Environ. Microbiol., 60(1), pp.204-213."
31.0468971759483,3146.87722883119,20,Hours,N,Lactobaciulus plantarum,MRS,1,"Zwietering, M.H., De Wit, J.C., Cuppers, H.G.A.M. and Van't Riet, K., 1994. Modeling of bacterial growth with shifts in temperature. Appl. Environ. Microbiol., 60(1), pp.204-213."
27.924492868292,3532.51309452078,20,Hours,N,Lactobaciulus plantarum,MRS,1,"Zwietering, M.H., De Wit, J.C., Cuppers, H.G.A.M. and Van't Riet, K., 1994. Modeling of bacterial growth with shifts in temperature. Appl. Environ. Microbiol., 60(1), pp.204-213."
26.9883349701524,3311.59041860815,20,Hours,N,Lactobaciulus plantarum,MRS,1,"Zwietering, M.H., De Wit, J.C., Cuppers, H.G.A.M. and Van't Riet, K., 1994. Modeling of bacterial growth with shifts in temperature. Appl. Environ. Microbiol., 60(1), pp.204-213."
27.925693544365,2858.9957581262,20,Hours,N,Lactobaciulus plantarum,MRS,1,"Zwietering, M.H., De Wit, J.C., Cuppers, H.G.A.M. and Van't Riet, K., 1994. Modeling of bacterial growth with shifts in temperature. Appl. Environ. Microbiol., 60(1), pp.204-213."
27.92680186074,2351.853066363,20,Hours,N,Lactobaciulus plantarum,MRS,1,"Zwietering, M.H., De Wit, J.C., Cuppers, H.G.A.M. and Van't Riet, K., 1994. Modeling of bacterial growth with shifts in temperature. Appl. Environ. Microbiol., 60(1), pp.204-213."
27.9272636592297,2168.08081477962,20,Hours,N,Lactobaciulus plantarum,MRS,1,"Zwietering, M.H., De Wit, J.C., Cuppers, H.G.A.M. and Van't Riet, K., 1994. Modeling of bacterial growth with shifts in temperature. Appl. Environ. Microbiol., 60(1), pp.204-213."
26.8654042122179,2353.20743865591,20,Hours,N,Lactobaciulus plantarum,MRS,1,"Zwietering, M.H., De Wit, J.C., Cuppers, H.G.A.M. and Van't Riet, K., 1994. Modeling of bacterial growth with shifts in temperature. Appl. Environ. Microbiol., 60(1), pp.204-213."
25.9913120310821,2354.32338968986,20,Hours,N,Lactobaciulus plantarum,MRS,1,"Zwietering, M.H., De Wit, J.C., Cuppers, H.G.A.M. and Van't Riet, K., 1994. Modeling of bacterial growth with shifts in temperature. Appl. Environ. Microbiol., 60(1), pp.204-213."
25.9931592250406,1700.30660262968,20,Hours,N,Lactobaciulus plantarum,MRS,1,"Zwietering, M.H., De Wit, J.C., Cuppers, H.G.A.M. and Van't Riet, K., 1994. Modeling of bacterial growth with shifts in temperature. Appl. Environ. Microbiol., 60(1), pp.204-213."
24.994104372616,1729.13740147111,20,Hours,N,Lactobaciulus plantarum,MRS,1,"Zwietering, M.H., De Wit, J.C., Cuppers, H.G.A.M. and Van't Riet, K., 1994. Modeling of bacterial growth with shifts in temperature. Appl. Environ. Microbiol., 60(1), pp.204-213."
23.8691632519234,2103.28228976185,20,Hours,N,Lactobaciulus plantarum,MRS,1,"Zwietering, M.H., De Wit, J.C., Cuppers, H.G.A.M. and Van't Riet, K., 1994. Modeling of bacterial growth with shifts in temperature. Appl. Environ. Microbiol., 60(1), pp.204-213."
24.9953974083869,1376.86795245889,20,Hours,N,Lactobaciulus plantarum,MRS,1,"Zwietering, M.H., De Wit, J.C., Cuppers, H.G.A.M. and Van't Riet, K., 1994. Modeling of bacterial growth with shifts in temperature. Appl. Environ. Microbiol., 60(1), pp.204-213."
24.9968751635536,1061.25852217285,20,Hours,N,Lactobaciulus plantarum,MRS,1,"Zwietering, M.H., De Wit, J.C., Cuppers, H.G.A.M. and Van't Riet, K., 1994. Modeling of bacterial growth with shifts in temperature. Appl. Environ. Microbiol., 60(1), pp.204-213."
24.4338504450198,1290.49665644909,20,Hours,N,Lactobaciulus plantarum,MRS,1,"Zwietering, M.H., De Wit, J.C., Cuppers, H.G.A.M. and Van't Riet, K., 1994. Modeling of bacterial growth with shifts in temperature. Appl. Environ. Microbiol., 60(1), pp.204-213."
23.873227078632,1027.90277328363,20,Hours,N,Lactobaciulus plantarum,MRS,1,"Zwietering, M.H., De Wit, J.C., Cuppers, H.G.A.M. and Van't Riet, K., 1994. Modeling of bacterial growth with shifts in temperature. Appl. Environ. Microbiol., 60(1), pp.204-213."
23.6244100524295,873.657942976828,20,Hours,N,Lactobaciulus plantarum,MRS,1,"Zwietering, M.H., De Wit, J.C., Cuppers, H.G.A.M. and Van't Riet, K., 1994. Modeling of bacterial growth with shifts in temperature. Appl. Environ. Microbiol., 60(1), pp.204-213."
23.9997598647854,766.862735537801,20,Hours,N,Lactobaciulus plantarum,MRS,1,"Zwietering, M.H., De Wit, J.C., Cuppers, H.G.A.M. and Van't Riet, K., 1994. Modeling of bacterial growth with shifts in temperature. Appl. Environ. Microbiol., 60(1), pp.204-213."
23.8723034816527,1209.54345500753,20,Hours,N,Lactobaciulus plantarum,MRS,1,"Zwietering, M.H., De Wit, J.C., Cuppers, H.G.A.M. and Van't Riet, K., 1994. Modeling of bacterial growth with shifts in temperature. Appl. Environ. Microbiol., 60(1), pp.204-213."
23.9339997598648,1377.6608556519,20,Hours,N,Lactobaciulus plantarum,MRS,1,"Zwietering, M.H., De Wit, J.C., Cuppers, H.G.A.M. and Van't Riet, K., 1994. Modeling of bacterial growth with shifts in temperature. Appl. Environ. Microbiol., 60(1), pp.204-213."
22.0003571241653,996.000082892863,20,Hours,N,Lactobaciulus plantarum,MRS,1,"Zwietering, M.H., De Wit, J.C., Cuppers, H.G.A.M. and Van't Riet, K., 1994. Modeling of bacterial growth with shifts in temperature. Appl. Environ. Microbiol., 60(1), pp.204-213."
21.9393073638387,780.314945405596,20,Hours,N,Lactobaciulus plantarum,MRS,1,"Zwietering, M.H., De Wit, J.C., Cuppers, H.G.A.M. and Van't Riet, K., 1994. Modeling of bacterial growth with shifts in temperature. Appl. Environ. Microbiol., 60(1), pp.204-213."
21.9400462414221,685.069092941895,20,Hours,N,Lactobaciulus plantarum,MRS,1,"Zwietering, M.H., De Wit, J.C., Cuppers, H.G.A.M. and Van't Riet, K., 1994. Modeling of bacterial growth with shifts in temperature. Appl. Environ. Microbiol., 60(1), pp.204-213."
21.9408774787034,591.741298604963,20,Hours,N,Lactobaciulus plantarum,MRS,1,"Zwietering, M.H., De Wit, J.C., Cuppers, H.G.A.M. and Van't Riet, K., 1994. Modeling of bacterial growth with shifts in temperature. Appl. Environ. Microbiol., 60(1), pp.204-213."
19.9407358604999,875.405298666624,20,Hours,N,Lactobaciulus plantarum,MRS,1,"Zwietering, M.H., De Wit, J.C., Cuppers, H.G.A.M. and Van't Riet, K., 1994. Modeling of bacterial growth with shifts in temperature. Appl. Environ. Microbiol., 60(1), pp.204-213."
19.9419365365729,708.498445316762,20,Hours,N,Lactobaciulus plantarum,MRS,1,"Zwietering, M.H., De Wit, J.C., Cuppers, H.G.A.M. and Van't Riet, K., 1994. Modeling of bacterial growth with shifts in temperature. Appl. Environ. Microbiol., 60(1), pp.204-213."
20.379998583818,592.242497009519,20,Hours,N,Lactobaciulus plantarum,MRS,1,"Zwietering, M.H., De Wit, J.C., Cuppers, H.G.A.M. and Van't Riet, K., 1994. Modeling of bacterial growth with shifts in temperature. Appl. Environ. Microbiol., 60(1), pp.204-213."
21.0065667745223,400.632190379154,20,Hours,N,Lactobaciulus plantarum,MRS,1,"Zwietering, M.H., De Wit, J.C., Cuppers, H.G.A.M. and Van't Riet, K., 1994. Modeling of bacterial growth with shifts in temperature. Appl. Environ. Microbiol., 60(1), pp.204-213."
19.9461850826773,335.165637624707,20,Hours,N,Lactobaciulus plantarum,MRS,1,"Zwietering, M.H., De Wit, J.C., Cuppers, H.G.A.M. and Van't Riet, K., 1994. Modeling of bacterial growth with shifts in temperature. Appl. Environ. Microbiol., 60(1), pp.204-213."
18.5093452621014,388.329383264865,20,Hours,N,Lactobaciulus plantarum,MRS,1,"Zwietering, M.H., De Wit, J.C., Cuppers, H.G.A.M. and Van't Riet, K., 1994. Modeling of bacterial growth with shifts in temperature. Appl. Environ. Microbiol., 60(1), pp.204-213."
17.9483524569219,330.113421847666,20,Hours,N,Lactobaciulus plantarum,MRS,1,"Zwietering, M.H., De Wit, J.C., Cuppers, H.G.A.M. and Van't Riet, K., 1994. Modeling of bacterial growth with shifts in temperature. Appl. Environ. Microbiol., 60(1), pp.204-213."
17.949460773297,271.556283780168,20,Hours,N,Lactobaciulus plantarum,MRS,1,"Zwietering, M.H., De Wit, J.C., Cuppers, H.G.A.M. and Van't Riet, K., 1994. Modeling of bacterial growth with shifts in temperature. Appl. Environ. Microbiol., 60(1), pp.204-213."
17.9503843702762,230.775881630885,20,Hours,N,Lactobaciulus plantarum,MRS,1,"Zwietering, M.H., De Wit, J.C., Cuppers, H.G.A.M. and Van't Riet, K., 1994. Modeling of bacterial growth with shifts in temperature. Appl. Environ. Microbiol., 60(1), pp.204-213."
17.9510308881616,205.931039709728,20,Hours,N,Lactobaciulus plantarum,MRS,1,"Zwietering, M.H., De Wit, J.C., Cuppers, H.G.A.M. and Van't Riet, K., 1994. Modeling of bacterial growth with shifts in temperature. Appl. Environ. Microbiol., 60(1), pp.204-213."
14.7093902104877,85.6784568679853,20,Hours,N,Lactobaciulus plantarum,MRS,1,"Zwietering, M.H., De Wit, J.C., Cuppers, H.G.A.M. and Van't Riet, K., 1994. Modeling of bacterial growth with shifts in temperature. Appl. Environ. Microbiol., 60(1), pp.204-213."
14.8975269151553,73.9988583134274,20,Hours,N,Lactobaciulus plantarum,MRS,1,"Zwietering, M.H., De Wit, J.C., Cuppers, H.G.A.M. and Van't Riet, K., 1994. Modeling of bacterial growth with shifts in temperature. Appl. Environ. Microbiol., 60(1), pp.204-213."
13.8989338612203,69.3733335354175,20,Hours,N,Lactobaciulus plantarum,MRS,1,"Zwietering, M.H., De Wit, J.C., Cuppers, H.G.A.M. and Van't Riet, K., 1994. Modeling of bacterial growth with shifts in temperature. Appl. Environ. Microbiol., 60(1), pp.204-213."
14.0867011270962,63.9460499142853,20,Hours,N,Lactobaciulus plantarum,MRS,1,"Zwietering, M.H., De Wit, J.C., Cuppers, H.G.A.M. and Van't Riet, K., 1994. Modeling of bacterial growth with shifts in temperature. Appl. Environ. Microbiol., 60(1), pp.204-213."
14.7120686417275,53.4478531796601,20,Hours,N,Lactobaciulus plantarum,MRS,1,"Zwietering, M.H., De Wit, J.C., Cuppers, H.G.A.M. and Van't Riet, K., 1994. Modeling of bacterial growth with shifts in temperature. Appl. Environ. Microbiol., 60(1), pp.204-213."
14.9626405021905,46.1603339015776,20,Hours,N,Lactobaciulus plantarum,MRS,1,"Zwietering, M.H., De Wit, J.C., Cuppers, H.G.A.M. and Van't Riet, K., 1994. Modeling of bacterial growth with shifts in temperature. Appl. Environ. Microbiol., 60(1), pp.204-213."
14.0887330404505,44.7034415116621,20,Hours,N,Lactobaciulus plantarum,MRS,1,"Zwietering, M.H., De Wit, J.C., Cuppers, H.G.A.M. and Van't Riet, K., 1994. Modeling of bacterial growth with shifts in temperature. Appl. Environ. Microbiol., 60(1), pp.204-213."
13.9018893715538,41.214531002459,20,Hours,N,Lactobaciulus plantarum,MRS,1,"Zwietering, M.H., De Wit, J.C., Cuppers, H.G.A.M. and Van't Riet, K., 1994. Modeling of bacterial growth with shifts in temperature. Appl. Environ. Microbiol., 60(1), pp.204-213."
12.9044046339939,31.784441238952,20,Hours,N,Lactobaciulus plantarum,MRS,1,"Zwietering, M.H., De Wit, J.C., Cuppers, H.G.A.M. and Van't Riet, K., 1994. Modeling of bacterial growth with shifts in temperature. Appl. Environ. Microbiol., 60(1), pp.204-213."
11.9046109039859,36.8173388793465,20,Hours,N,Lactobaciulus plantarum,MRS,1,"Zwietering, M.H., De Wit, J.C., Cuppers, H.G.A.M. and Van't Riet, K., 1994. Modeling of bacterial growth with shifts in temperature. Appl. Environ. Microbiol., 60(1), pp.204-213."
11.8437458630552,27.9208771530863,20,Hours,N,Lactobaciulus plantarum,MRS,1,"Zwietering, M.H., De Wit, J.C., Cuppers, H.G.A.M. and Van't Riet, K., 1994. Modeling of bacterial growth with shifts in temperature. Appl. Environ. Microbiol., 60(1), pp.204-213."
11.9068275367361,24.9141310044561,20,Hours,N,Lactobaciulus plantarum,MRS,1,"Zwietering, M.H., De Wit, J.C., Cuppers, H.G.A.M. and Van't Riet, K., 1994. Modeling of bacterial growth with shifts in temperature. Appl. Environ. Microbiol., 60(1), pp.204-213."
10.9714085161799,20.5051537647862,20,Hours,N,Lactobaciulus plantarum,MRS,1,"Zwietering, M.H., De Wit, J.C., Cuppers, H.G.A.M. and Van't Riet, K., 1994. Modeling of bacterial growth with shifts in temperature. Appl. Environ. Microbiol., 60(1), pp.204-213."
10.4714654713269,22.2492517029082,20,Hours,N,Lactobaciulus plantarum,MRS,1,"Zwietering, M.H., De Wit, J.C., Cuppers, H.G.A.M. and Van't Riet, K., 1994. Modeling of bacterial growth with shifts in temperature. Appl. Environ. Microbiol., 60(1), pp.204-213."
9.97318490103659,18.0120357226089,20,Hours,N,Lactobaciulus plantarum,MRS,1,"Zwietering, M.H., De Wit, J.C., Cuppers, H.G.A.M. and Van't Riet, K., 1994. Modeling of bacterial growth with shifts in temperature. Appl. Environ. Microbiol., 60(1), pp.204-213."
9.97401613831789,15.558234226047,20,Hours,N,Lactobaciulus plantarum,MRS,1,"Zwietering, M.H., De Wit, J.C., Cuppers, H.G.A.M. and Van't Riet, K., 1994. Modeling of bacterial growth with shifts in temperature. Appl. Environ. Microbiol., 60(1), pp.204-213."
8.85046041309415,14.8260072666569,20,Hours,N,Lactobaciulus plantarum,MRS,1,"Zwietering, M.H., De Wit, J.C., Cuppers, H.G.A.M. and Van't Riet, K., 1994. Modeling of bacterial growth with shifts in temperature. Appl. Environ. Microbiol., 60(1), pp.204-213."
9.47444253225662,15.8177573509436,20,Hours,N,Lactobaciulus plantarum,MRS,1,"Zwietering, M.H., De Wit, J.C., Cuppers, H.G.A.M. and Van't Riet, K., 1994. Modeling of bacterial growth with shifts in temperature. Appl. Environ. Microbiol., 60(1), pp.204-213."
9.91361289587675,10.8768277097059,20,Hours,N,Lactobaciulus plantarum,MRS,1,"Zwietering, M.H., De Wit, J.C., Cuppers, H.G.A.M. and Van't Riet, K., 1994. Modeling of bacterial growth with shifts in temperature. Appl. Environ. Microbiol., 60(1), pp.204-213."
9.91435177346013,9.54919361348426,20,Hours,N,Lactobaciulus plantarum,MRS,1,"Zwietering, M.H., De Wit, J.C., Cuppers, H.G.A.M. and Van't Riet, K., 1994. Modeling of bacterial growth with shifts in temperature. Appl. Environ. Microbiol., 60(1), pp.204-213."
8.97810151562263,9.09884945989302,20,Hours,N,Lactobaciulus plantarum,MRS,1,"Zwietering, M.H., De Wit, J.C., Cuppers, H.G.A.M. and Van't Riet, K., 1994. Modeling of bacterial growth with shifts in temperature. Appl. Environ. Microbiol., 60(1), pp.204-213."
9.03952071474091,10.881985779041,20,Hours,N,Lactobaciulus plantarum,MRS,1,"Zwietering, M.H., De Wit, J.C., Cuppers, H.G.A.M. and Van't Riet, K., 1994. Modeling of bacterial growth with shifts in temperature. Appl. Environ. Microbiol., 60(1), pp.204-213."
7.91651914770471,9.40525109308162,20,Hours,N,Lactobaciulus plantarum,MRS,1,"Zwietering, M.H., De Wit, J.C., Cuppers, H.G.A.M. and Van't Riet, K., 1994. Modeling of bacterial growth with shifts in temperature. Appl. Environ. Microbiol., 60(1), pp.204-213."
7.91928993864237,5.77247526264628,20,Hours,N,Lactobaciulus plantarum,MRS,1,"Zwietering, M.H., De Wit, J.C., Cuppers, H.G.A.M. and Van't Riet, K., 1994. Modeling of bacterial growth with shifts in temperature. Appl. Environ. Microbiol., 60(1), pp.204-213."
7.92049061471536,4.67188141931941,20,Hours,N,Lactobaciulus plantarum,MRS,1,"Zwietering, M.H., De Wit, J.C., Cuppers, H.G.A.M. and Van't Riet, K., 1994. Modeling of bacterial growth with shifts in temperature. Appl. Environ. Microbiol., 60(1), pp.204-213."
7.04667551267329,4.45140269489088,20,Hours,N,Lactobaciulus plantarum,MRS,1,"Zwietering, M.H., De Wit, J.C., Cuppers, H.G.A.M. and Van't Riet, K., 1994. Modeling of bacterial growth with shifts in temperature. Appl. Environ. Microbiol., 60(1), pp.204-213."
6.92032744591569,5.77560388873561,20,Hours,N,Lactobaciulus plantarum,MRS,1,"Zwietering, M.H., De Wit, J.C., Cuppers, H.G.A.M. and Van't Riet, K., 1994. Modeling of bacterial growth with shifts in temperature. Appl. Environ. Microbiol., 60(1), pp.204-213."
6.92097396380115,5.1538146246202,20,Hours,N,Lactobaciulus plantarum,MRS,1,"Zwietering, M.H., De Wit, J.C., Cuppers, H.G.A.M. and Van't Riet, K., 1994. Modeling of bacterial growth with shifts in temperature. Appl. Environ. Microbiol., 60(1), pp.204-213."
5.92099551439733,6.16737697404034,20,Hours,N,Lactobaciulus plantarum,MRS,1,"Zwietering, M.H., De Wit, J.C., Cuppers, H.G.A.M. and Van't Riet, K., 1994. Modeling of bacterial growth with shifts in temperature. Appl. Environ. Microbiol., 60(1), pp.204-213."
5.86059227195621,4.31163946967315,20,Hours,N,Lactobaciulus plantarum,MRS,1,"Zwietering, M.H., De Wit, J.C., Cuppers, H.G.A.M. and Van't Riet, K., 1994. Modeling of bacterial growth with shifts in temperature. Appl. Environ. Microbiol., 60(1), pp.204-213."
5.98712505810964,3.21668130907354,20,Hours,N,Lactobaciulus plantarum,MRS,1,"Zwietering, M.H., De Wit, J.C., Cuppers, H.G.A.M. and Van't Riet, K., 1994. Modeling of bacterial growth with shifts in temperature. Appl. Environ. Microbiol., 60(1), pp.204-213."
5.86336306289387,2.64626982669771,20,Hours,N,Lactobaciulus plantarum,MRS,1,"Zwietering, M.H., De Wit, J.C., Cuppers, H.G.A.M. and Van't Riet, K., 1994. Modeling of bacterial growth with shifts in temperature. Appl. Environ. Microbiol., 60(1), pp.204-213."
4.98825492508089,3.16647753647654,20,Hours,N,Lactobaciulus plantarum,MRS,1,"Zwietering, M.H., De Wit, J.C., Cuppers, H.G.A.M. and Van't Riet, K., 1994. Modeling of bacterial growth with shifts in temperature. Appl. Environ. Microbiol., 60(1), pp.204-213."
4.80196541437178,2.64779374610582,20,Hours,N,Lactobaciulus plantarum,MRS,1,"Zwietering, M.H., De Wit, J.C., Cuppers, H.G.A.M. and Van't Riet, K., 1994. Modeling of bacterial growth with shifts in temperature. Appl. Environ. Microbiol., 60(1), pp.204-213."
3.98984659054175,2.87349250233988,20,Hours,N,Lactobaciulus plantarum,MRS,1,"Zwietering, M.H., De Wit, J.C., Cuppers, H.G.A.M. and Van't Riet, K., 1994. Modeling of bacterial growth with shifts in temperature. Appl. Environ. Microbiol., 60(1), pp.204-213."
3.9888306338646,3.43673819908438,20,Hours,N,Lactobaciulus plantarum,MRS,1,"Zwietering, M.H., De Wit, J.C., Cuppers, H.G.A.M. and Van't Riet, K., 1994. Modeling of bacterial growth with shifts in temperature. Appl. Environ. Microbiol., 60(1), pp.204-213."
3.99104726661474,2.32562559723834,20,Hours,N,Lactobaciulus plantarum,MRS,1,"Zwietering, M.H., De Wit, J.C., Cuppers, H.G.A.M. and Van't Riet, K., 1994. Modeling of bacterial growth with shifts in temperature. Appl. Environ. Microbiol., 60(1), pp.204-213."
3.99178614419812,2.04175791813701,20,Hours,N,Lactobaciulus plantarum,MRS,1,"Zwietering, M.H., De Wit, J.C., Cuppers, H.G.A.M. and Van't Riet, K., 1994. Modeling of bacterial growth with shifts in temperature. Appl. Environ. Microbiol., 60(1), pp.204-213."
2.92844894201966,2.87514727350086,20,Hours,N,Lactobaciulus plantarum,MRS,1,"Zwietering, M.H., De Wit, J.C., Cuppers, H.G.A.M. and Van't Riet, K., 1994. Modeling of bacterial growth with shifts in temperature. Appl. Environ. Microbiol., 60(1), pp.204-213."
1.99413823783853,1.94658806569841,20,Hours,N,Lactobaciulus plantarum,MRS,1,"Zwietering, M.H., De Wit, J.C., Cuppers, H.G.A.M. and Van't Riet, K., 1994. Modeling of bacterial growth with shifts in temperature. Appl. Environ. Microbiol., 60(1), pp.204-213."
1.37191095293657,1.33931096317057,20,Hours,N,Lactobaciulus plantarum,MRS,1,"Zwietering, M.H., De Wit, J.C., Cuppers, H.G.A.M. and Van't Riet, K., 1994. Modeling of bacterial growth with shifts in temperature. Appl. Environ. Microbiol., 60(1), pp.204-213."
0.994436867528478,2.21842589764984,20,Hours,N,Lactobaciulus plantarum,MRS,1,"Zwietering, M.H., De Wit, J.C., Cuppers, H.G.A.M. and Van't Riet, K., 1994. Modeling of bacterial growth with shifts in temperature. Appl. Environ. Microbiol., 60(1), pp.204-213."
1.93077948506389,2.29064718190779,20,Hours,N,Lactobaciulus plantarum,MRS,1,"Zwietering, M.H., De Wit, J.C., Cuppers, H.G.A.M. and Van't Riet, K., 1994. Modeling of bacterial growth with shifts in temperature. Appl. Environ. Microbiol., 60(1), pp.204-213."
47.961282814631,8277.71940774853,25,Hours,N,Lactobaciulus plantarum,MRS,1,"Zwietering, M.H., De Wit, J.C., Cuppers, H.G.A.M. and Van't Riet, K., 1994. Modeling of bacterial growth with shifts in temperature. Appl. Environ. Microbiol., 60(1), pp.204-213."
46.96028840855,11847.2835850701,25,Hours,N,Lactobaciulus plantarum,MRS,1,"Zwietering, M.H., De Wit, J.C., Cuppers, H.G.A.M. and Van't Riet, K., 1994. Modeling of bacterial growth with shifts in temperature. Appl. Environ. Microbiol., 60(1), pp.204-213."
47.9545405566827,27151.7357484672,25,Hours,N,Lactobaciulus plantarum,MRS,1,"Zwietering, M.H., De Wit, J.C., Cuppers, H.G.A.M. and Van't Riet, K., 1994. Modeling of bacterial growth with shifts in temperature. Appl. Environ. Microbiol., 60(1), pp.204-213."
51.9550085124855,12009.0631787596,25,Hours,N,Lactobaciulus plantarum,MRS,1,"Zwietering, M.H., De Wit, J.C., Cuppers, H.G.A.M. and Van't Riet, K., 1994. Modeling of bacterial growth with shifts in temperature. Appl. Environ. Microbiol., 60(1), pp.204-213."
51.9557473900689,10543.2275357464,25,Hours,N,Lactobaciulus plantarum,MRS,1,"Zwietering, M.H., De Wit, J.C., Cuppers, H.G.A.M. and Van't Riet, K., 1994. Modeling of bacterial growth with shifts in temperature. Appl. Environ. Microbiol., 60(1), pp.204-213."
42.9008026057749,14670.5041884085,25,Hours,N,Lactobaciulus plantarum,MRS,1,"Zwietering, M.H., De Wit, J.C., Cuppers, H.G.A.M. and Van't Riet, K., 1994. Modeling of bacterial growth with shifts in temperature. Appl. Environ. Microbiol., 60(1), pp.204-213."
36.9096137209567,9332.16763191028,25,Hours,N,Lactobaciulus plantarum,MRS,1,"Zwietering, M.H., De Wit, J.C., Cuppers, H.G.A.M. and Van't Riet, K., 1994. Modeling of bacterial growth with shifts in temperature. Appl. Environ. Microbiol., 60(1), pp.204-213."
36.971032920075,11161.0282053472,25,Hours,N,Lactobaciulus plantarum,MRS,1,"Zwietering, M.H., De Wit, J.C., Cuppers, H.G.A.M. and Van't Riet, K., 1994. Modeling of bacterial growth with shifts in temperature. Appl. Environ. Microbiol., 60(1), pp.204-213."
34.5354153261683,12524.0964619741,25,Hours,N,Lactobaciulus plantarum,MRS,1,"Zwietering, M.H., De Wit, J.C., Cuppers, H.G.A.M. and Van't Riet, K., 1994. Modeling of bacterial growth with shifts in temperature. Appl. Environ. Microbiol., 60(1), pp.204-213."
33.9744225209887,10646.560669329,25,Hours,N,Lactobaciulus plantarum,MRS,1,"Zwietering, M.H., De Wit, J.C., Cuppers, H.G.A.M. and Van't Riet, K., 1994. Modeling of bacterial growth with shifts in temperature. Appl. Environ. Microbiol., 60(1), pp.204-213."
32.9750905894704,11368.7424535476,25,Hours,N,Lactobaciulus plantarum,MRS,1,"Zwietering, M.H., De Wit, J.C., Cuppers, H.G.A.M. and Van't Riet, K., 1994. Modeling of bacterial growth with shifts in temperature. Appl. Environ. Microbiol., 60(1), pp.204-213."
32.0380090943516,12541.073210373,25,Hours,N,Lactobaciulus plantarum,MRS,1,"Zwietering, M.H., De Wit, J.C., Cuppers, H.G.A.M. and Van't Riet, K., 1994. Modeling of bacterial growth with shifts in temperature. Appl. Environ. Microbiol., 60(1), pp.204-213."
31.9115686678961,16538.7302056569,25,Hours,N,Lactobaciulus plantarum,MRS,1,"Zwietering, M.H., De Wit, J.C., Cuppers, H.G.A.M. and Van't Riet, K., 1994. Modeling of bacterial growth with shifts in temperature. Appl. Environ. Microbiol., 60(1), pp.204-213."
29.9779260321966,11956.9171093145,25,Hours,N,Lactobaciulus plantarum,MRS,1,"Zwietering, M.H., De Wit, J.C., Cuppers, H.G.A.M. and Van't Riet, K., 1994. Modeling of bacterial growth with shifts in temperature. Appl. Environ. Microbiol., 60(1), pp.204-213."
32.2266075975087,9985.12181507995,25,Hours,N,Lactobaciulus plantarum,MRS,1,"Zwietering, M.H., De Wit, J.C., Cuppers, H.G.A.M. and Van't Riet, K., 1994. Modeling of bacterial growth with shifts in temperature. Appl. Environ. Microbiol., 60(1), pp.204-213."
27.9786156512744,15278.967772816,25,Hours,N,Lactobaciulus plantarum,MRS,1,"Zwietering, M.H., De Wit, J.C., Cuppers, H.G.A.M. and Van't Riet, K., 1994. Modeling of bacterial growth with shifts in temperature. Appl. Environ. Microbiol., 60(1), pp.204-213."
27.7888164720442,23710.7679305617,25,Hours,N,Lactobaciulus plantarum,MRS,1,"Zwietering, M.H., De Wit, J.C., Cuppers, H.G.A.M. and Van't Riet, K., 1994. Modeling of bacterial growth with shifts in temperature. Appl. Environ. Microbiol., 60(1), pp.204-213."
28.0440063174033,9076.89069810446,25,Hours,N,Lactobaciulus plantarum,MRS,1,"Zwietering, M.H., De Wit, J.C., Cuppers, H.G.A.M. and Van't Riet, K., 1994. Modeling of bacterial growth with shifts in temperature. Appl. Environ. Microbiol., 60(1), pp.204-213."
26.9831628270688,8237.31113376437,25,Hours,N,Lactobaciulus plantarum,MRS,1,"Zwietering, M.H., De Wit, J.C., Cuppers, H.G.A.M. and Van't Riet, K., 1994. Modeling of bacterial growth with shifts in temperature. Appl. Environ. Microbiol., 60(1), pp.204-213."
26.9851947404231,5758.54422556499,25,Hours,N,Lactobaciulus plantarum,MRS,1,"Zwietering, M.H., De Wit, J.C., Cuppers, H.G.A.M. and Van't Riet, K., 1994. Modeling of bacterial growth with shifts in temperature. Appl. Environ. Microbiol., 60(1), pp.204-213."
25.9825378597795,11046.5275038623,25,Hours,N,Lactobaciulus plantarum,MRS,1,"Zwietering, M.H., De Wit, J.C., Cuppers, H.G.A.M. and Van't Riet, K., 1994. Modeling of bacterial growth with shifts in temperature. Appl. Environ. Microbiol., 60(1), pp.204-213."
24.4852024370646,9094.42890246534,25,Hours,N,Lactobaciulus plantarum,MRS,1,"Zwietering, M.H., De Wit, J.C., Cuppers, H.G.A.M. and Van't Riet, K., 1994. Modeling of bacterial growth with shifts in temperature. Appl. Environ. Microbiol., 60(1), pp.204-213."
24.2371242884455,6786.24092107852,25,Hours,N,Lactobaciulus plantarum,MRS,1,"Zwietering, M.H., De Wit, J.C., Cuppers, H.G.A.M. and Van't Riet, K., 1994. Modeling of bacterial growth with shifts in temperature. Appl. Environ. Microbiol., 60(1), pp.204-213."
23.5492292583208,8252.6681418297,25,Hours,N,Lactobaciulus plantarum,MRS,1,"Zwietering, M.H., De Wit, J.C., Cuppers, H.G.A.M. and Van't Riet, K., 1994. Modeling of bacterial growth with shifts in temperature. Appl. Environ. Microbiol., 60(1), pp.204-213."
23.923008955812,9552.3148984861,25,Hours,N,Lactobaciulus plantarum,MRS,1,"Zwietering, M.H., De Wit, J.C., Cuppers, H.G.A.M. and Van't Riet, K., 1994. Modeling of bacterial growth with shifts in temperature. Appl. Environ. Microbiol., 60(1), pp.204-213."
23.7968456084503,11997.0718264577,25,Hours,N,Lactobaciulus plantarum,MRS,1,"Zwietering, M.H., De Wit, J.C., Cuppers, H.G.A.M. and Van't Riet, K., 1994. Modeling of bacterial growth with shifts in temperature. Appl. Environ. Microbiol., 60(1), pp.204-213."
23.9211617618536,13226.5782867673,25,Hours,N,Lactobaciulus plantarum,MRS,1,"Zwietering, M.H., De Wit, J.C., Cuppers, H.G.A.M. and Van't Riet, K., 1994. Modeling of bacterial growth with shifts in temperature. Appl. Environ. Microbiol., 60(1), pp.204-213."
21.7981817454136,13679.8535706439,25,Hours,N,Lactobaciulus plantarum,MRS,1,"Zwietering, M.H., De Wit, J.C., Cuppers, H.G.A.M. and Van't Riet, K., 1994. Modeling of bacterial growth with shifts in temperature. Appl. Environ. Microbiol., 60(1), pp.204-213."
20.9259367582362,9884.3582452971,25,Hours,N,Lactobaciulus plantarum,MRS,1,"Zwietering, M.H., De Wit, J.C., Cuppers, H.G.A.M. and Van't Riet, K., 1994. Modeling of bacterial growth with shifts in temperature. Appl. Environ. Microbiol., 60(1), pp.204-213."
20.4882441497828,11079.4967999191,25,Hours,N,Lactobaciulus plantarum,MRS,1,"Zwietering, M.H., De Wit, J.C., Cuppers, H.G.A.M. and Van't Riet, K., 1994. Modeling of bacterial growth with shifts in temperature. Appl. Environ. Microbiol., 60(1), pp.204-213."
19.9271589849053,9573.04079204375,25,Hours,N,Lactobaciulus plantarum,MRS,1,"Zwietering, M.H., De Wit, J.C., Cuppers, H.G.A.M. and Van't Riet, K., 1994. Modeling of bacterial growth with shifts in temperature. Appl. Environ. Microbiol., 60(1), pp.204-213."
19.9295603370513,6270.60393592518,25,Hours,N,Lactobaciulus plantarum,MRS,1,"Zwietering, M.H., De Wit, J.C., Cuppers, H.G.A.M. and Van't Riet, K., 1994. Modeling of bacterial growth with shifts in temperature. Appl. Environ. Microbiol., 60(1), pp.204-213."
19.9301144952389,5687.32056547436,25,Hours,N,Lactobaciulus plantarum,MRS,1,"Zwietering, M.H., De Wit, J.C., Cuppers, H.G.A.M. and Van't Riet, K., 1994. Modeling of bacterial growth with shifts in temperature. Appl. Environ. Microbiol., 60(1), pp.204-213."
18.9330915561685,4043.31156314558,25,Hours,N,Lactobaciulus plantarum,MRS,1,"Zwietering, M.H., De Wit, J.C., Cuppers, H.G.A.M. and Van't Riet, K., 1994. Modeling of bacterial growth with shifts in temperature. Appl. Environ. Microbiol., 60(1), pp.204-213."
17.9346832216294,3669.19560536382,25,Hours,N,Lactobaciulus plantarum,MRS,1,"Zwietering, M.H., De Wit, J.C., Cuppers, H.G.A.M. and Van't Riet, K., 1994. Modeling of bacterial growth with shifts in temperature. Appl. Environ. Microbiol., 60(1), pp.204-213."
17.9336672649523,4388.41050971875,25,Hours,N,Lactobaciulus plantarum,MRS,1,"Zwietering, M.H., De Wit, J.C., Cuppers, H.G.A.M. and Van't Riet, K., 1994. Modeling of bacterial growth with shifts in temperature. Appl. Environ. Microbiol., 60(1), pp.204-213."
18.4361040216491,2606.43791802478,25,Hours,N,Lactobaciulus plantarum,MRS,1,"Zwietering, M.H., De Wit, J.C., Cuppers, H.G.A.M. and Van't Riet, K., 1994. Modeling of bacterial growth with shifts in temperature. Appl. Environ. Microbiol., 60(1), pp.204-213."
14.6903641127158,2447.1582719795,25,Hours,N,Lactobaciulus plantarum,MRS,1,"Zwietering, M.H., De Wit, J.C., Cuppers, H.G.A.M. and Van't Riet, K., 1994. Modeling of bacterial growth with shifts in temperature. Appl. Environ. Microbiol., 60(1), pp.204-213."
14.8176357764526,1602.84713353758,25,Hours,N,Lactobaciulus plantarum,MRS,1,"Zwietering, M.H., De Wit, J.C., Cuppers, H.G.A.M. and Van't Riet, K., 1994. Modeling of bacterial growth with shifts in temperature. Appl. Environ. Microbiol., 60(1), pp.204-213."
14.6942432200285,1235.52181815315,25,Hours,N,Lactobaciulus plantarum,MRS,1,"Zwietering, M.H., De Wit, J.C., Cuppers, H.G.A.M. and Van't Riet, K., 1994. Modeling of bacterial growth with shifts in temperature. Appl. Environ. Microbiol., 60(1), pp.204-213."
15.007065516891,1102.32149224058,25,Hours,N,Lactobaciulus plantarum,MRS,1,"Zwietering, M.H., De Wit, J.C., Cuppers, H.G.A.M. and Van't Riet, K., 1994. Modeling of bacterial growth with shifts in temperature. Appl. Environ. Microbiol., 60(1), pp.204-213."
13.945575508671,1121.05067883048,25,Hours,N,Lactobaciulus plantarum,MRS,1,"Zwietering, M.H., De Wit, J.C., Cuppers, H.G.A.M. and Van't Riet, K., 1994. Modeling of bacterial growth with shifts in temperature. Appl. Environ. Microbiol., 60(1), pp.204-213."
14.0719235754286,864.021859703348,25,Hours,N,Lactobaciulus plantarum,MRS,1,"Zwietering, M.H., De Wit, J.C., Cuppers, H.G.A.M. and Van't Riet, K., 1994. Modeling of bacterial growth with shifts in temperature. Appl. Environ. Microbiol., 60(1), pp.204-213."
14.0724777336162,783.651677242349,25,Hours,N,Lactobaciulus plantarum,MRS,1,"Zwietering, M.H., De Wit, J.C., Cuppers, H.G.A.M. and Van't Riet, K., 1994. Modeling of bacterial growth with shifts in temperature. Appl. Environ. Microbiol., 60(1), pp.204-213."
13.8231065492262,734.368638994958,25,Hours,N,Lactobaciulus plantarum,MRS,1,"Zwietering, M.H., De Wit, J.C., Cuppers, H.G.A.M. and Van't Riet, K., 1994. Modeling of bacterial growth with shifts in temperature. Appl. Environ. Microbiol., 60(1), pp.204-213."
11.8281370741063,436.759700914837,25,Hours,N,Lactobaciulus plantarum,MRS,1,"Zwietering, M.H., De Wit, J.C., Cuppers, H.G.A.M. and Van't Riet, K., 1994. Modeling of bacterial growth with shifts in temperature. Appl. Environ. Microbiol., 60(1), pp.204-213."
12.7020445358463,450.993770216158,25,Hours,N,Lactobaciulus plantarum,MRS,1,"Zwietering, M.H., De Wit, J.C., Cuppers, H.G.A.M. and Van't Riet, K., 1994. Modeling of bacterial growth with shifts in temperature. Appl. Environ. Microbiol., 60(1), pp.204-213."
12.9527087560072,383.214801269501,25,Hours,N,Lactobaciulus plantarum,MRS,1,"Zwietering, M.H., De Wit, J.C., Cuppers, H.G.A.M. and Van't Riet, K., 1994. Modeling of bacterial growth with shifts in temperature. Appl. Environ. Microbiol., 60(1), pp.204-213."
11.8301689874606,305.330224003965,25,Hours,N,Lactobaciulus plantarum,MRS,1,"Zwietering, M.H., De Wit, J.C., Cuppers, H.G.A.M. and Van't Riet, K., 1994. Modeling of bacterial growth with shifts in temperature. Appl. Environ. Microbiol., 60(1), pp.204-213."
10.3956381593328,235.524975650467,25,Hours,N,Lactobaciulus plantarum,MRS,1,"Zwietering, M.H., De Wit, J.C., Cuppers, H.G.A.M. and Van't Riet, K., 1994. Modeling of bacterial growth with shifts in temperature. Appl. Environ. Microbiol., 60(1), pp.204-213."
9.89902006360505,142.258874900325,25,Hours,N,Lactobaciulus plantarum,MRS,1,"Zwietering, M.H., De Wit, J.C., Cuppers, H.G.A.M. and Van't Riet, K., 1994. Modeling of bacterial growth with shifts in temperature. Appl. Environ. Microbiol., 60(1), pp.204-213."
9.83741614509093,122.882937030605,25,Hours,N,Lactobaciulus plantarum,MRS,1,"Zwietering, M.H., De Wit, J.C., Cuppers, H.G.A.M. and Van't Riet, K., 1994. Modeling of bacterial growth with shifts in temperature. Appl. Environ. Microbiol., 60(1), pp.204-213."
9.90095961726141,101.081935664172,25,Hours,N,Lactobaciulus plantarum,MRS,1,"Zwietering, M.H., De Wit, J.C., Cuppers, H.G.A.M. and Van't Riet, K., 1994. Modeling of bacterial growth with shifts in temperature. Appl. Environ. Microbiol., 60(1), pp.204-213."
10.9009380666652,84.4698743896692,25,Hours,N,Lactobaciulus plantarum,MRS,1,"Zwietering, M.H., De Wit, J.C., Cuppers, H.G.A.M. and Van't Riet, K., 1994. Modeling of bacterial growth with shifts in temperature. Appl. Environ. Microbiol., 60(1), pp.204-213."
9.46576072065194,73.0192934311469,25,Hours,N,Lactobaciulus plantarum,MRS,1,"Zwietering, M.H., De Wit, J.C., Cuppers, H.G.A.M. and Van't Riet, K., 1994. Modeling of bacterial growth with shifts in temperature. Appl. Environ. Microbiol., 60(1), pp.204-213."
8.96646419368444,70.7003230851177,25,Hours,N,Lactobaciulus plantarum,MRS,1,"Zwietering, M.H., De Wit, J.C., Cuppers, H.G.A.M. and Van't Riet, K., 1994. Modeling of bacterial growth with shifts in temperature. Appl. Environ. Microbiol., 60(1), pp.204-213."
8.84307163726037,54.4978930893734,25,Hours,N,Lactobaciulus plantarum,MRS,1,"Zwietering, M.H., De Wit, J.C., Cuppers, H.G.A.M. and Van't Riet, K., 1994. Modeling of bacterial growth with shifts in temperature. Appl. Environ. Microbiol., 60(1), pp.204-213."
7.96879473672868,56.3273740192448,25,Hours,N,Lactobaciulus plantarum,MRS,1,"Zwietering, M.H., De Wit, J.C., Cuppers, H.G.A.M. and Van't Riet, K., 1994. Modeling of bacterial growth with shifts in temperature. Appl. Environ. Microbiol., 60(1), pp.204-213."
7.96879473672868,56.3273740192448,25,Hours,N,Lactobaciulus plantarum,MRS,1,"Zwietering, M.H., De Wit, J.C., Cuppers, H.G.A.M. and Van't Riet, K., 1994. Modeling of bacterial growth with shifts in temperature. Appl. Environ. Microbiol., 60(1), pp.204-213."
8.84473411182297,40.6606881271416,25,Hours,N,Lactobaciulus plantarum,MRS,1,"Zwietering, M.H., De Wit, J.C., Cuppers, H.G.A.M. and Van't Riet, K., 1994. Modeling of bacterial growth with shifts in temperature. Appl. Environ. Microbiol., 60(1), pp.204-213."
7.97027249189544,43.4158595984362,25,Hours,N,Lactobaciulus plantarum,MRS,1,"Zwietering, M.H., De Wit, J.C., Cuppers, H.G.A.M. and Van't Riet, K., 1994. Modeling of bacterial growth with shifts in temperature. Appl. Environ. Microbiol., 60(1), pp.204-213."
7.84577161909629,40.6827258291492,25,Hours,N,Lactobaciulus plantarum,MRS,1,"Zwietering, M.H., De Wit, J.C., Cuppers, H.G.A.M. and Van't Riet, K., 1994. Modeling of bacterial growth with shifts in temperature. Appl. Environ. Microbiol., 60(1), pp.204-213."
7.97156552766635,34.5709402032967,25,Hours,N,Lactobaciulus plantarum,MRS,1,"Zwietering, M.H., De Wit, J.C., Cuppers, H.G.A.M. and Van't Riet, K., 1994. Modeling of bacterial growth with shifts in temperature. Appl. Environ. Microbiol., 60(1), pp.204-213."
6.91062967763386,31.8879425613443,25,Hours,N,Lactobaciulus plantarum,MRS,1,"Zwietering, M.H., De Wit, J.C., Cuppers, H.G.A.M. and Van't Riet, K., 1994. Modeling of bacterial growth with shifts in temperature. Appl. Environ. Microbiol., 60(1), pp.204-213."
21.9273006031088,6471.01816554063,25,Hours,N,Lactobaciulus plantarum,MRS,1,"Zwietering, M.H., De Wit, J.C., Cuppers, H.G.A.M. and Van't Riet, K., 1994. Modeling of bacterial growth with shifts in temperature. Appl. Environ. Microbiol., 60(1), pp.204-213."
5.91203662369888,29.8946892625906,25,Hours,N,Lactobaciulus plantarum,MRS,1,"Zwietering, M.H., De Wit, J.C., Cuppers, H.G.A.M. and Van't Riet, K., 1994. Modeling of bacterial growth with shifts in temperature. Appl. Environ. Microbiol., 60(1), pp.204-213."
5.97622661375481,21.9435760385761,25,Hours,N,Lactobaciulus plantarum,MRS,1,"Zwietering, M.H., De Wit, J.C., Cuppers, H.G.A.M. and Van't Riet, K., 1994. Modeling of bacterial growth with shifts in temperature. Appl. Environ. Microbiol., 60(1), pp.204-213."
6.91173799400893,26.2315028903917,25,Hours,N,Lactobaciulus plantarum,MRS,1,"Zwietering, M.H., De Wit, J.C., Cuppers, H.G.A.M. and Van't Riet, K., 1994. Modeling of bacterial growth with shifts in temperature. Appl. Environ. Microbiol., 60(1), pp.204-213."
6.97537382587734,21.2294232976172,25,Hours,N,Lactobaciulus plantarum,MRS,1,"Zwietering, M.H., De Wit, J.C., Cuppers, H.G.A.M. and Van't Riet, K., 1994. Modeling of bacterial growth with shifts in temperature. Appl. Environ. Microbiol., 60(1), pp.204-213."
6.97537382587734,21.2294232976172,25,Hours,N,Lactobaciulus plantarum,MRS,1,"Zwietering, M.H., De Wit, J.C., Cuppers, H.G.A.M. and Van't Riet, K., 1994. Modeling of bacterial growth with shifts in temperature. Appl. Environ. Microbiol., 60(1), pp.204-213."
5.97770436892157,16.9136096430296,25,Hours,N,Lactobaciulus plantarum,MRS,1,"Zwietering, M.H., De Wit, J.C., Cuppers, H.G.A.M. and Van't Riet, K., 1994. Modeling of bacterial growth with shifts in temperature. Appl. Environ. Microbiol., 60(1), pp.204-213."
5.97973628227586,11.8239759991703,25,Hours,N,Lactobaciulus plantarum,MRS,1,"Zwietering, M.H., De Wit, J.C., Cuppers, H.G.A.M. and Van't Riet, K., 1994. Modeling of bacterial growth with shifts in temperature. Appl. Environ. Microbiol., 60(1), pp.204-213."
4.85664235554173,10.3870619956126,25,Hours,N,Lactobaciulus plantarum,MRS,1,"Zwietering, M.H., De Wit, J.C., Cuppers, H.G.A.M. and Van't Riet, K., 1994. Modeling of bacterial growth with shifts in temperature. Appl. Environ. Microbiol., 60(1), pp.204-213."
4.98225154471594,9.11859145828892,25,Hours,N,Lactobaciulus plantarum,MRS,1,"Zwietering, M.H., De Wit, J.C., Cuppers, H.G.A.M. and Van't Riet, K., 1994. Modeling of bacterial growth with shifts in temperature. Appl. Environ. Microbiol., 60(1), pp.204-213."
4.98317514169516,7.74922588321326,25,Hours,N,Lactobaciulus plantarum,MRS,1,"Zwietering, M.H., De Wit, J.C., Cuppers, H.G.A.M. and Van't Riet, K., 1994. Modeling of bacterial growth with shifts in temperature. Appl. Environ. Microbiol., 60(1), pp.204-213."
4.98409873867439,6.58550194553081,25,Hours,N,Lactobaciulus plantarum,MRS,1,"Zwietering, M.H., De Wit, J.C., Cuppers, H.G.A.M. and Van't Riet, K., 1994. Modeling of bacterial growth with shifts in temperature. Appl. Environ. Microbiol., 60(1), pp.204-213."
3.98495152655187,6.807036661715,25,Hours,N,Lactobaciulus plantarum,MRS,1,"Zwietering, M.H., De Wit, J.C., Cuppers, H.G.A.M. and Van't Riet, K., 1994. Modeling of bacterial growth with shifts in temperature. Appl. Environ. Microbiol., 60(1), pp.204-213."
3.98587512353109,5.78480403779836,25,Hours,N,Lactobaciulus plantarum,MRS,1,"Zwietering, M.H., De Wit, J.C., Cuppers, H.G.A.M. and Van't Riet, K., 1994. Modeling of bacterial growth with shifts in temperature. Appl. Environ. Microbiol., 60(1), pp.204-213."
2.86352007438034,4.46151426075437,25,Hours,N,Lactobaciulus plantarum,MRS,1,"Zwietering, M.H., De Wit, J.C., Cuppers, H.G.A.M. and Van't Riet, K., 1994. Modeling of bacterial growth with shifts in temperature. Appl. Environ. Microbiol., 60(1), pp.204-213."
3.98679872051031,4.91608307972551,25,Hours,N,Lactobaciulus plantarum,MRS,1,"Zwietering, M.H., De Wit, J.C., Cuppers, H.G.A.M. and Van't Riet, K., 1994. Modeling of bacterial growth with shifts in temperature. Appl. Environ. Microbiol., 60(1), pp.204-213."
3.98772231748954,4.1778204912126,25,Hours,N,Lactobaciulus plantarum,MRS,1,"Zwietering, M.H., De Wit, J.C., Cuppers, H.G.A.M. and Van't Riet, K., 1994. Modeling of bacterial growth with shifts in temperature. Appl. Environ. Microbiol., 60(1), pp.204-213."
2.98949870234624,3.66986040648955,25,Hours,N,Lactobaciulus plantarum,MRS,1,"Zwietering, M.H., De Wit, J.C., Cuppers, H.G.A.M. and Van't Riet, K., 1994. Modeling of bacterial growth with shifts in temperature. Appl. Environ. Microbiol., 60(1), pp.204-213."
1.74134974462543,3.33074996297498,25,Hours,N,Lactobaciulus plantarum,MRS,1,"Zwietering, M.H., De Wit, J.C., Cuppers, H.G.A.M. and Van't Riet, K., 1994. Modeling of bacterial growth with shifts in temperature. Appl. Environ. Microbiol., 60(1), pp.204-213."
0.743495568273822,2.74141020937892,25,Hours,N,Lactobaciulus plantarum,MRS,1,"Zwietering, M.H., De Wit, J.C., Cuppers, H.G.A.M. and Van't Riet, K., 1994. Modeling of bacterial growth with shifts in temperature. Appl. Environ. Microbiol., 60(1), pp.204-213."
0.0573553724096918,2.44718725117502,25,Hours,N,Lactobaciulus plantarum,MRS,1,"Zwietering, M.H., De Wit, J.C., Cuppers, H.G.A.M. and Van't Riet, K., 1994. Modeling of bacterial growth with shifts in temperature. Appl. Environ. Microbiol., 60(1), pp.204-213."
2.49260352752473,2.32751655346933,25,Hours,N,Lactobaciulus plantarum,MRS,1,"Zwietering, M.H., De Wit, J.C., Cuppers, H.G.A.M. and Van't Riet, K., 1994. Modeling of bacterial growth with shifts in temperature. Appl. Environ. Microbiol., 60(1), pp.204-213."
1.74301221918803,2.48506094083152,25,Hours,N,Lactobaciulus plantarum,MRS,1,"Zwietering, M.H., De Wit, J.C., Cuppers, H.G.A.M. and Van't Riet, K., 1994. Modeling of bacterial growth with shifts in temperature. Appl. Environ. Microbiol., 60(1), pp.204-213."
0.994529227226401,2.18261925744977,25,Hours,N,Lactobaciulus plantarum,MRS,1,"Zwietering, M.H., De Wit, J.C., Cuppers, H.G.A.M. and Van't Riet, K., 1994. Modeling of bacterial growth with shifts in temperature. Appl. Environ. Microbiol., 60(1), pp.204-213."
2.24156986857215,2.92340389667167,25,Hours,N,Lactobaciulus plantarum,MRS,1,"Zwietering, M.H., De Wit, J.C., Cuppers, H.G.A.M. and Van't Riet, K., 1994. Modeling of bacterial growth with shifts in temperature. Appl. Environ. Microbiol., 60(1), pp.204-213."
