Time,PopBio,log_PopBio,Temp,Time_units,PopBio_units,log_PopBio_units,Species,Medium,rep,Citation
8.10796462920274,1237.27132226642,7.120663687279312,8,Hours,N,ln(N),Tetraselmis tetrahele,ESAW,1,"Bernhardt, J.R., Sunday, J.M. and O’Connor, M.I., 2018. Metabolic theory and the temperature-size rule explain the temperature dependence of population carrying capacity. The American naturalist, 192(6), pp.687-697."
76.2228073438572,379.573588451414,5.939048487000655,8,Hours,N,ln(N),Tetraselmis tetrahele,ESAW,1,"Bernhardt, J.R., Sunday, J.M. and O’Connor, M.I., 2018. Metabolic theory and the temperature-size rule explain the temperature dependence of population carrying capacity. The American naturalist, 192(6), pp.687-697."
169.565369582458,4338.17851375147,8.375209841704603,8,Hours,N,ln(N),Tetraselmis tetrahele,ESAW,1,"Bernhardt, J.R., Sunday, J.M. and O’Connor, M.I., 2018. Metabolic theory and the temperature-size rule explain the temperature dependence of population carrying capacity. The American naturalist, 192(6), pp.687-697."
245.248528154296,6383.45772515648,8.761465192720497,8,Hours,N,ln(N),Tetraselmis tetrahele,ESAW,1,"Bernhardt, J.R., Sunday, J.M. and O’Connor, M.I., 2018. Metabolic theory and the temperature-size rule explain the temperature dependence of population carrying capacity. The American naturalist, 192(6), pp.687-697."
295.703967202188,8428.73693656151,9.039402210180945,8,Hours,N,ln(N),Tetraselmis tetrahele,ESAW,1,"Bernhardt, J.R., Sunday, J.M. and O’Connor, M.I., 2018. Metabolic theory and the temperature-size rule explain the temperature dependence of population carrying capacity. The American naturalist, 192(6), pp.687-697."
416.797020917129,12717.2256056366,9.450712700339647,8,Hours,N,ln(N),Tetraselmis tetrahele,ESAW,1,"Bernhardt, J.R., Sunday, J.M. and O’Connor, M.I., 2018. Metabolic theory and the temperature-size rule explain the temperature dependence of population carrying capacity. The American naturalist, 192(6), pp.687-697."
583.299969775174,20106.6214661967,9.908804465977218,8,Hours,N,ln(N),Tetraselmis tetrahele,ESAW,1,"Bernhardt, J.R., Sunday, J.M. and O’Connor, M.I., 2018. Metabolic theory and the temperature-size rule explain the temperature dependence of population carrying capacity. The American naturalist, 192(6), pp.687-697."
747.280146680823,18589.1562448316,9.83033369210242,8,Hours,N,ln(N),Tetraselmis tetrahele,ESAW,1,"Bernhardt, J.R., Sunday, J.M. and O’Connor, M.I., 2018. Metabolic theory and the temperature-size rule explain the temperature dependence of population carrying capacity. The American naturalist, 192(6), pp.687-697."
825.486077205056,19446.8539786466,9.875440586793944,8,Hours,N,ln(N),Tetraselmis tetrahele,ESAW,1,"Bernhardt, J.R., Sunday, J.M. and O’Connor, M.I., 2018. Metabolic theory and the temperature-size rule explain the temperature dependence of population carrying capacity. The American naturalist, 192(6), pp.687-697."
949.101902872392,19116.9702348717,9.858331713529935,8,Hours,N,ln(N),Tetraselmis tetrahele,ESAW,1,"Bernhardt, J.R., Sunday, J.M. and O’Connor, M.I., 2018. Metabolic theory and the temperature-size rule explain the temperature dependence of population carrying capacity. The American naturalist, 192(6), pp.687-697."
1014.69397363465,19908.6912199317,9.898911660087554,8,Hours,N,ln(N),Tetraselmis tetrahele,ESAW,1,"Bernhardt, J.R., Sunday, J.M. and O’Connor, M.I., 2018. Metabolic theory and the temperature-size rule explain the temperature dependence of population carrying capacity. The American naturalist, 192(6), pp.687-697."
41.4128184048026,1171.2945735114,7.065864889188293,8,Hours,N,ln(N),Tetraselmis tetrahele,ESAW,2,"Bernhardt, J.R., Sunday, J.M. and O’Connor, M.I., 2018. Metabolic theory and the temperature-size rule explain the temperature dependence of population carrying capacity. The American naturalist, 192(6), pp.687-697."
109.500823119964,2490.82954861142,7.820371086028709,8,Hours,N,ln(N),Tetraselmis tetrahele,ESAW,2,"Bernhardt, J.R., Sunday, J.M. and O’Connor, M.I., 2018. Metabolic theory and the temperature-size rule explain the temperature dependence of population carrying capacity. The American naturalist, 192(6), pp.687-697."
203.066231219527,5261.85299632145,8.568238524364967,8,Hours,N,ln(N),Tetraselmis tetrahele,ESAW,2,"Bernhardt, J.R., Sunday, J.M. and O’Connor, M.I., 2018. Metabolic theory and the temperature-size rule explain the temperature dependence of population carrying capacity. The American naturalist, 192(6), pp.687-697."
274.267745426498,8824.5974290915,9.085298263660892,8,Hours,N,ln(N),Tetraselmis tetrahele,ESAW,2,"Bernhardt, J.R., Sunday, J.M. and O’Connor, M.I., 2018. Metabolic theory and the temperature-size rule explain the temperature dependence of population carrying capacity. The American naturalist, 192(6), pp.687-697."
328.834223205802,15818.1327971216,9.66891220636095,8,Hours,N,ln(N),Tetraselmis tetrahele,ESAW,2,"Bernhardt, J.R., Sunday, J.M. and O’Connor, M.I., 2018. Metabolic theory and the temperature-size rule explain the temperature dependence of population carrying capacity. The American naturalist, 192(6), pp.687-697."
451.66662052837,15488.2490533466,9.647836889794263,8,Hours,N,ln(N),Tetraselmis tetrahele,ESAW,2,"Bernhardt, J.R., Sunday, J.M. and O’Connor, M.I., 2018. Metabolic theory and the temperature-size rule explain the temperature dependence of population carrying capacity. The American naturalist, 192(6), pp.687-697."
779.74156355099,22745.6914163967,10.032131018152615,8,Hours,N,ln(N),Tetraselmis tetrahele,ESAW,2,"Bernhardt, J.R., Sunday, J.M. and O’Connor, M.I., 2018. Metabolic theory and the temperature-size rule explain the temperature dependence of population carrying capacity. The American naturalist, 192(6), pp.687-697."
859.89219361156,22283.8541751117,10.011617667191441,8,Hours,N,ln(N),Tetraselmis tetrahele,ESAW,2,"Bernhardt, J.R., Sunday, J.M. and O’Connor, M.I., 2018. Metabolic theory and the temperature-size rule explain the temperature dependence of population carrying capacity. The American naturalist, 192(6), pp.687-697."
981.835016793612,18655.1329935866,9.833876614741966,8,Hours,N,ln(N),Tetraselmis tetrahele,ESAW,2,"Bernhardt, J.R., Sunday, J.M. and O’Connor, M.I., 2018. Metabolic theory and the temperature-size rule explain the temperature dependence of population carrying capacity. The American naturalist, 192(6), pp.687-697."
1045.97331232488,23933.2728939867,10.083024941044128,8,Hours,N,ln(N),Tetraselmis tetrahele,ESAW,2,"Bernhardt, J.R., Sunday, J.M. and O’Connor, M.I., 2018. Metabolic theory and the temperature-size rule explain the temperature dependence of population carrying capacity. The American naturalist, 192(6), pp.687-697."
11.5479750106606,1369.40321436315,7.222130313962687,8,Hours,N,ln(N),Tetraselmis tetrahele,ESAW,3,"Bernhardt, J.R., Sunday, J.M. and O’Connor, M.I., 2018. Metabolic theory and the temperature-size rule explain the temperature dependence of population carrying capacity. The American naturalist, 192(6), pp.687-697."
81.788749145873,583.257729197925,6.368629162760454,8,Hours,N,ln(N),Tetraselmis tetrahele,ESAW,3,"Bernhardt, J.R., Sunday, J.M. and O’Connor, M.I., 2018. Metabolic theory and the temperature-size rule explain the temperature dependence of population carrying capacity. The American naturalist, 192(6), pp.687-697."
177.115514043659,3465.79117480373,8.150696218836618,8,Hours,N,ln(N),Tetraselmis tetrahele,ESAW,3,"Bernhardt, J.R., Sunday, J.M. and O’Connor, M.I., 2018. Metabolic theory and the temperature-size rule explain the temperature dependence of population carrying capacity. The American naturalist, 192(6), pp.687-697."
247.356288178872,6282.81249664577,8.745573008991819,8,Hours,N,ln(N),Tetraselmis tetrahele,ESAW,3,"Bernhardt, J.R., Sunday, J.M. and O’Connor, M.I., 2018. Metabolic theory and the temperature-size rule explain the temperature dependence of population carrying capacity. The American naturalist, 192(6), pp.687-697."
300.036868780281,10213.5399224719,9.23146956237792,8,Hours,N,ln(N),Tetraselmis tetrahele,ESAW,3,"Bernhardt, J.R., Sunday, J.M. and O’Connor, M.I., 2018. Metabolic theory and the temperature-size rule explain the temperature dependence of population carrying capacity. The American naturalist, 192(6), pp.687-697."
420.449624440643,11589.294521511,9.357837064896268,8,Hours,N,ln(N),Tetraselmis tetrahele,ESAW,3,"Bernhardt, J.R., Sunday, J.M. and O’Connor, M.I., 2018. Metabolic theory and the temperature-size rule explain the temperature dependence of population carrying capacity. The American naturalist, 192(6), pp.687-697."
586.017163473643,18009.4826503603,9.798653712069477,8,Hours,N,ln(N),Tetraselmis tetrahele,ESAW,3,"Bernhardt, J.R., Sunday, J.M. and O’Connor, M.I., 2018. Metabolic theory and the temperature-size rule explain the temperature dependence of population carrying capacity. The American naturalist, 192(6), pp.687-697."
751.584702506641,13358.1218631328,9.499879858101641,8,Hours,N,ln(N),Tetraselmis tetrahele,ESAW,3,"Bernhardt, J.R., Sunday, J.M. and O’Connor, M.I., 2018. Metabolic theory and the temperature-size rule explain the temperature dependence of population carrying capacity. The American naturalist, 192(6), pp.687-697."
829.351273870626,18599.0917642342,9.830868028629194,8,Hours,N,ln(N),Tetraselmis tetrahele,ESAW,3,"Bernhardt, J.R., Sunday, J.M. and O’Connor, M.I., 2018. Metabolic theory and the temperature-size rule explain the temperature dependence of population carrying capacity. The American naturalist, 192(6), pp.687-697."
952.272628607246,20629.967600911,9.934500035579866,8,Hours,N,ln(N),Tetraselmis tetrahele,ESAW,3,"Bernhardt, J.R., Sunday, J.M. and O’Connor, M.I., 2018. Metabolic theory and the temperature-size rule explain the temperature dependence of population carrying capacity. The American naturalist, 192(6), pp.687-697."
1012.47900643743,23971.0859128632,10.084603629400327,8,Hours,N,ln(N),Tetraselmis tetrahele,ESAW,3,"Bernhardt, J.R., Sunday, J.M. and O’Connor, M.I., 2018. Metabolic theory and the temperature-size rule explain the temperature dependence of population carrying capacity. The American naturalist, 192(6), pp.687-697."
13.1027252457075,1237.2713222665,7.120663687279377,8,Hours,N,ln(N),Tetraselmis tetrahele,ESAW,4,"Bernhardt, J.R., Sunday, J.M. and O’Connor, M.I., 2018. Metabolic theory and the temperature-size rule explain the temperature dependence of population carrying capacity. The American naturalist, 192(6), pp.687-697."
80.8349003046626,247.620090941506,5.51189568025484,8,Hours,N,ln(N),Tetraselmis tetrahele,ESAW,4,"Bernhardt, J.R., Sunday, J.M. and O’Connor, M.I., 2018. Metabolic theory and the temperature-size rule explain the temperature dependence of population carrying capacity. The American naturalist, 192(6), pp.687-697."
178.670264278707,1699.10856355153,7.437859018130528,8,Hours,N,ln(N),Tetraselmis tetrahele,ESAW,4,"Bernhardt, J.R., Sunday, J.M. and O’Connor, M.I., 2018. Metabolic theory and the temperature-size rule explain the temperature dependence of population carrying capacity. The American naturalist, 192(6), pp.687-697."
243.893840261404,6251.50422764658,8.740577390195975,8,Hours,N,ln(N),Tetraselmis tetrahele,ESAW,4,"Bernhardt, J.R., Sunday, J.M. and O’Connor, M.I., 2018. Metabolic theory and the temperature-size rule explain the temperature dependence of population carrying capacity. The American naturalist, 192(6), pp.687-697."
301.591619015328,7439.0857052366,8.914503231194553,8,Hours,N,ln(N),Tetraselmis tetrahele,ESAW,4,"Bernhardt, J.R., Sunday, J.M. and O’Connor, M.I., 2018. Metabolic theory and the temperature-size rule explain the temperature dependence of population carrying capacity. The American naturalist, 192(6), pp.687-697."
422.004374675691,11661.5976255567,9.364056468147645,8,Hours,N,ln(N),Tetraselmis tetrahele,ESAW,4,"Bernhardt, J.R., Sunday, J.M. and O’Connor, M.I., 2018. Metabolic theory and the temperature-size rule explain the temperature dependence of population carrying capacity. The American naturalist, 192(6), pp.687-697."
585.063314632432,21030.2959487668,9.953719341292295,8,Hours,N,ln(N),Tetraselmis tetrahele,ESAW,4,"Bernhardt, J.R., Sunday, J.M. and O’Connor, M.I., 2018. Metabolic theory and the temperature-size rule explain the temperature dependence of population carrying capacity. The American naturalist, 192(6), pp.687-697."
748.122254589174,19842.7144711768,9.89559218958379,8,Hours,N,ln(N),Tetraselmis tetrahele,ESAW,4,"Bernhardt, J.R., Sunday, J.M. and O’Connor, M.I., 2018. Metabolic theory and the temperature-size rule explain the temperature dependence of population carrying capacity. The American naturalist, 192(6), pp.687-697."
828.397425029415,17731.4585110168,9.783095658009588,8,Hours,N,ln(N),Tetraselmis tetrahele,ESAW,4,"Bernhardt, J.R., Sunday, J.M. and O’Connor, M.I., 2018. Metabolic theory and the temperature-size rule explain the temperature dependence of population carrying capacity. The American naturalist, 192(6), pp.687-697."
951.318779766037,17137.6677722218,9.749034113594892,8,Hours,N,ln(N),Tetraselmis tetrahele,ESAW,4,"Bernhardt, J.R., Sunday, J.M. and O’Connor, M.I., 2018. Metabolic theory and the temperature-size rule explain the temperature dependence of population carrying capacity. The American naturalist, 192(6), pp.687-697."
1011.52515759622,20370.5284612168,9.921844451997579,8,Hours,N,ln(N),Tetraselmis tetrahele,ESAW,4,"Bernhardt, J.R., Sunday, J.M. and O’Connor, M.I., 2018. Metabolic theory and the temperature-size rule explain the temperature dependence of population carrying capacity. The American naturalist, 192(6), pp.687-697."
12.1488764044964,1171.29457351126,7.065864889188174,8,Hours,N,ln(N),Tetraselmis tetrahele,ESAW,5,"Bernhardt, J.R., Sunday, J.M. and O’Connor, M.I., 2018. Metabolic theory and the temperature-size rule explain the temperature dependence of population carrying capacity. The American naturalist, 192(6), pp.687-697."
79.8810514634501,181.643342186246,5.20204510611688,8,Hours,N,ln(N),Tetraselmis tetrahele,ESAW,5,"Bernhardt, J.R., Sunday, J.M. and O’Connor, M.I., 2018. Metabolic theory and the temperature-size rule explain the temperature dependence of population carrying capacity. The American naturalist, 192(6), pp.687-697."
175.207816361237,3414.50403118129,8.135787529007063,8,Hours,N,ln(N),Tetraselmis tetrahele,ESAW,5,"Bernhardt, J.R., Sunday, J.M. and O’Connor, M.I., 2018. Metabolic theory and the temperature-size rule explain the temperature dependence of population carrying capacity. The American naturalist, 192(6), pp.687-697."
245.44859049645,10737.9231429864,9.281536973477518,8,Hours,N,ln(N),Tetraselmis tetrahele,ESAW,5,"Bernhardt, J.R., Sunday, J.M. and O’Connor, M.I., 2018. Metabolic theory and the temperature-size rule explain the temperature dependence of population carrying capacity. The American naturalist, 192(6), pp.687-697."
300.637770174116,9682.29516290637,9.178054255772036,8,Hours,N,ln(N),Tetraselmis tetrahele,ESAW,5,"Bernhardt, J.R., Sunday, J.M. and O’Connor, M.I., 2018. Metabolic theory and the temperature-size rule explain the temperature dependence of population carrying capacity. The American naturalist, 192(6), pp.687-697."
418.54192675822,13442.9698419414,9.506211560049326,8,Hours,N,ln(N),Tetraselmis tetrahele,ESAW,5,"Bernhardt, J.R., Sunday, J.M. and O’Connor, M.I., 2018. Metabolic theory and the temperature-size rule explain the temperature dependence of population carrying capacity. The American naturalist, 192(6), pp.687-697."
584.10946579122,19710.7609736665,9.888920007908148,8,Hours,N,ln(N),Tetraselmis tetrahele,ESAW,5,"Bernhardt, J.R., Sunday, J.M. and O’Connor, M.I., 2018. Metabolic theory and the temperature-size rule explain the temperature dependence of population carrying capacity. The American naturalist, 192(6), pp.687-697."
749.677004824219,18853.0632398515,9.84443068576639,8,Hours,N,ln(N),Tetraselmis tetrahele,ESAW,5,"Bernhardt, J.R., Sunday, J.M. and O’Connor, M.I., 2018. Metabolic theory and the temperature-size rule explain the temperature dependence of population carrying capacity. The American naturalist, 192(6), pp.687-697."
827.443576188202,17467.5515159964,9.768100239670655,8,Hours,N,ln(N),Tetraselmis tetrahele,ESAW,5,"Bernhardt, J.R., Sunday, J.M. and O’Connor, M.I., 2018. Metabolic theory and the temperature-size rule explain the temperature dependence of population carrying capacity. The American naturalist, 192(6), pp.687-697."
947.856331848565,20502.4819587265,9.92830122895537,8,Hours,N,ln(N),Tetraselmis tetrahele,ESAW,5,"Bernhardt, J.R., Sunday, J.M. and O’Connor, M.I., 2018. Metabolic theory and the temperature-size rule explain the temperature dependence of population carrying capacity. The American naturalist, 192(6), pp.687-697."
1010.571308755,21756.0401850715,9.987646707621101,8,Hours,N,ln(N),Tetraselmis tetrahele,ESAW,5,"Bernhardt, J.R., Sunday, J.M. and O’Connor, M.I., 2018. Metabolic theory and the temperature-size rule explain the temperature dependence of population carrying capacity. The American naturalist, 192(6), pp.687-697."
13.9169095221953,1183.86816923108,7.0765424656899665,16,Hours,N,ln(N),Tetraselmis tetrahele,ESAW,1,"Bernhardt, J.R., Sunday, J.M. and O’Connor, M.I., 2018. Metabolic theory and the temperature-size rule explain the temperature dependence of population carrying capacity. The American naturalist, 192(6), pp.687-697."
81.8210652783333,1808.32224874983,7.500154759998168,16,Hours,N,ln(N),Tetraselmis tetrahele,ESAW,1,"Bernhardt, J.R., Sunday, J.M. and O’Connor, M.I., 2018. Metabolic theory and the temperature-size rule explain the temperature dependence of population carrying capacity. The American naturalist, 192(6), pp.687-697."
174.276331597917,10996.6229224487,9.305343497594077,16,Hours,N,ln(N),Tetraselmis tetrahele,ESAW,1,"Bernhardt, J.R., Sunday, J.M. and O’Connor, M.I., 2018. Metabolic theory and the temperature-size rule explain the temperature dependence of population carrying capacity. The American naturalist, 192(6), pp.687-697."
247.400881057268,18336.0105022784,9.816622192282539,16,Hours,N,ln(N),Tetraselmis tetrahele,ESAW,1,"Bernhardt, J.R., Sunday, J.M. and O’Connor, M.I., 2018. Metabolic theory and the temperature-size rule explain the temperature dependence of population carrying capacity. The American naturalist, 192(6), pp.687-697."
299.962240402768,19675.5269986328,9.88713085811788,16,Hours,N,ln(N),Tetraselmis tetrahele,ESAW,1,"Bernhardt, J.R., Sunday, J.M. and O’Connor, M.I., 2018. Metabolic theory and the temperature-size rule explain the temperature dependence of population carrying capacity. The American naturalist, 192(6), pp.687-697."
419.947136563876,14149.2847739458,9.557419355782994,16,Hours,N,ln(N),Tetraselmis tetrahele,ESAW,1,"Bernhardt, J.R., Sunday, J.M. and O’Connor, M.I., 2018. Metabolic theory and the temperature-size rule explain the temperature dependence of population carrying capacity. The American naturalist, 192(6), pp.687-697."
512.942267563179,15942.1299945496,9.676720569173014,16,Hours,N,ln(N),Tetraselmis tetrahele,ESAW,1,"Bernhardt, J.R., Sunday, J.M. and O’Connor, M.I., 2018. Metabolic theory and the temperature-size rule explain the temperature dependence of population carrying capacity. The American naturalist, 192(6), pp.687-697."
587.418502202643,16393.7903353156,9.704657904020277,16,Hours,N,ln(N),Tetraselmis tetrahele,ESAW,1,"Bernhardt, J.R., Sunday, J.M. and O’Connor, M.I., 2018. Metabolic theory and the temperature-size rule explain the temperature dependence of population carrying capacity. The American naturalist, 192(6), pp.687-697."
678.521679831229,17588.9289304925,9.77502494505861,16,Hours,N,ln(N),Tetraselmis tetrahele,ESAW,1,"Bernhardt, J.R., Sunday, J.M. and O’Connor, M.I., 2018. Metabolic theory and the temperature-size rule explain the temperature dependence of population carrying capacity. The American naturalist, 192(6), pp.687-697."
748.716621082739,18265.2647710783,9.81275643521401,16,Hours,N,ln(N),Tetraselmis tetrahele,ESAW,1,"Bernhardt, J.R., Sunday, J.M. and O’Connor, M.I., 2018. Metabolic theory and the temperature-size rule explain the temperature dependence of population carrying capacity. The American naturalist, 192(6), pp.687-697."
829.952102523027,20823.026744974,9.94381470840268,16,Hours,N,ln(N),Tetraselmis tetrahele,ESAW,1,"Bernhardt, J.R., Sunday, J.M. and O’Connor, M.I., 2018. Metabolic theory and the temperature-size rule explain the temperature dependence of population carrying capacity. The American naturalist, 192(6), pp.687-697."
950.642210652783,20437.5776867672,9.925130528819771,16,Hours,N,ln(N),Tetraselmis tetrahele,ESAW,1,"Bernhardt, J.R., Sunday, J.M. and O’Connor, M.I., 2018. Metabolic theory and the temperature-size rule explain the temperature dependence of population carrying capacity. The American naturalist, 192(6), pp.687-697."
14.9784423382995,1347.0523280241,7.205674023483646,16,Hours,N,ln(N),Tetraselmis tetrahele,ESAW,2,"Bernhardt, J.R., Sunday, J.M. and O’Connor, M.I., 2018. Metabolic theory and the temperature-size rule explain the temperature dependence of population carrying capacity. The American naturalist, 192(6), pp.687-697."
84.0121742692338,742.231579387357,6.609661296074019,16,Hours,N,ln(N),Tetraselmis tetrahele,ESAW,2,"Bernhardt, J.R., Sunday, J.M. and O’Connor, M.I., 2018. Metabolic theory and the temperature-size rule explain the temperature dependence of population carrying capacity. The American naturalist, 192(6), pp.687-697."
179.527032498059,5781.25599719561,8.662376238612952,16,Hours,N,ln(N),Tetraselmis tetrahele,ESAW,2,"Bernhardt, J.R., Sunday, J.M. and O’Connor, M.I., 2018. Metabolic theory and the temperature-size rule explain the temperature dependence of population carrying capacity. The American naturalist, 192(6), pp.687-697."
249.216041318732,16859.3240044531,9.732659136116988,16,Hours,N,ln(N),Tetraselmis tetrahele,ESAW,2,"Bernhardt, J.R., Sunday, J.M. and O’Connor, M.I., 2018. Metabolic theory and the temperature-size rule explain the temperature dependence of population carrying capacity. The American naturalist, 192(6), pp.687-697."
300.850198379622,20409.3005112775,9.923745983353662,16,Hours,N,ln(N),Tetraselmis tetrahele,ESAW,2,"Bernhardt, J.R., Sunday, J.M. and O’Connor, M.I., 2018. Metabolic theory and the temperature-size rule explain the temperature dependence of population carrying capacity. The American naturalist, 192(6), pp.687-697."
421.235873276091,12405.4119803081,9.425888106401366,16,Hours,N,ln(N),Tetraselmis tetrahele,ESAW,2,"Bernhardt, J.R., Sunday, J.M. and O’Connor, M.I., 2018. Metabolic theory and the temperature-size rule explain the temperature dependence of population carrying capacity. The American naturalist, 192(6), pp.687-697."
514.387602721337,13068.6814939301,9.477973921187507,16,Hours,N,ln(N),Tetraselmis tetrahele,ESAW,2,"Bernhardt, J.R., Sunday, J.M. and O’Connor, M.I., 2018. Metabolic theory and the temperature-size rule explain the temperature dependence of population carrying capacity. The American naturalist, 192(6), pp.687-697."
589.284166305471,17675.5687438181,9.779938668115145,16,Hours,N,ln(N),Tetraselmis tetrahele,ESAW,2,"Bernhardt, J.R., Sunday, J.M. and O’Connor, M.I., 2018. Metabolic theory and the temperature-size rule explain the temperature dependence of population carrying capacity. The American naturalist, 192(6), pp.687-697."
679.560148940411,17551.7493855131,9.772908904012498,16,Hours,N,ln(N),Tetraselmis tetrahele,ESAW,2,"Bernhardt, J.R., Sunday, J.M. and O’Connor, M.I., 2018. Metabolic theory and the temperature-size rule explain the temperature dependence of population carrying capacity. The American naturalist, 192(6), pp.687-697."
750.807188343948,14052.6392778034,9.550565506074465,16,Hours,N,ln(N),Tetraselmis tetrahele,ESAW,2,"Bernhardt, J.R., Sunday, J.M. and O’Connor, M.I., 2018. Metabolic theory and the temperature-size rule explain the temperature dependence of population carrying capacity. The American naturalist, 192(6), pp.687-697."
835.395396180679,16558.1277857406,9.714632365131262,16,Hours,N,ln(N),Tetraselmis tetrahele,ESAW,2,"Bernhardt, J.R., Sunday, J.M. and O’Connor, M.I., 2018. Metabolic theory and the temperature-size rule explain the temperature dependence of population carrying capacity. The American naturalist, 192(6), pp.687-697."
950.8818724369,18966.1413313983,9.850410633245408,16,Hours,N,ln(N),Tetraselmis tetrahele,ESAW,2,"Bernhardt, J.R., Sunday, J.M. and O’Connor, M.I., 2018. Metabolic theory and the temperature-size rule explain the temperature dependence of population carrying capacity. The American naturalist, 192(6), pp.687-697."
11.8784383022696,1250.77165365372,7.131515962753909,16,Hours,N,ln(N),Tetraselmis tetrahele,ESAW,3,"Bernhardt, J.R., Sunday, J.M. and O’Connor, M.I., 2018. Metabolic theory and the temperature-size rule explain the temperature dependence of population carrying capacity. The American naturalist, 192(6), pp.687-697."
84.0601854718489,1438.2484163562,7.271181274652027,16,Hours,N,ln(N),Tetraselmis tetrahele,ESAW,3,"Bernhardt, J.R., Sunday, J.M. and O’Connor, M.I., 2018. Metabolic theory and the temperature-size rule explain the temperature dependence of population carrying capacity. The American naturalist, 192(6), pp.687-697."
179.664653459791,9761.93115993905,9.186245524582343,16,Hours,N,ln(N),Tetraselmis tetrahele,ESAW,3,"Bernhardt, J.R., Sunday, J.M. and O’Connor, M.I., 2018. Metabolic theory and the temperature-size rule explain the temperature dependence of population carrying capacity. The American naturalist, 192(6), pp.687-697."
251.077600157985,16175.1292250061,9.6912301085184,16,Hours,N,ln(N),Tetraselmis tetrahele,ESAW,3,"Bernhardt, J.R., Sunday, J.M. and O’Connor, M.I., 2018. Metabolic theory and the temperature-size rule explain the temperature dependence of population carrying capacity. The American naturalist, 192(6), pp.687-697."
300.725924484421,20578.798221732,9.93201661223748,16,Hours,N,ln(N),Tetraselmis tetrahele,ESAW,3,"Bernhardt, J.R., Sunday, J.M. and O’Connor, M.I., 2018. Metabolic theory and the temperature-size rule explain the temperature dependence of population carrying capacity. The American naturalist, 192(6), pp.687-697."
421.716218632833,16634.9992579552,9.719264143845134,16,Hours,N,ln(N),Tetraselmis tetrahele,ESAW,3,"Bernhardt, J.R., Sunday, J.M. and O’Connor, M.I., 2018. Metabolic theory and the temperature-size rule explain the temperature dependence of population carrying capacity. The American naturalist, 192(6), pp.687-697."
514.057946854267,14067.551763429,9.551626130947296,16,Hours,N,ln(N),Tetraselmis tetrahele,ESAW,3,"Bernhardt, J.R., Sunday, J.M. and O’Connor, M.I., 2018. Metabolic theory and the temperature-size rule explain the temperature dependence of population carrying capacity. The American naturalist, 192(6), pp.687-697."
588.769379521889,18872.8244628238,9.845478307226507,16,Hours,N,ln(N),Tetraselmis tetrahele,ESAW,3,"Bernhardt, J.R., Sunday, J.M. and O’Connor, M.I., 2018. Metabolic theory and the temperature-size rule explain the temperature dependence of population carrying capacity. The American naturalist, 192(6), pp.687-697."
678.975664018574,19256.7272574217,9.86561574658425,16,Hours,N,ln(N),Tetraselmis tetrahele,ESAW,3,"Bernhardt, J.R., Sunday, J.M. and O’Connor, M.I., 2018. Metabolic theory and the temperature-size rule explain the temperature dependence of population carrying capacity. The American naturalist, 192(6), pp.687-697."
751.232393941567,18250.6798238838,9.81195760894062,16,Hours,N,ln(N),Tetraselmis tetrahele,ESAW,3,"Bernhardt, J.R., Sunday, J.M. and O’Connor, M.I., 2018. Metabolic theory and the temperature-size rule explain the temperature dependence of population carrying capacity. The American naturalist, 192(6), pp.687-697."
830.839026075781,18939.4322032114,9.849001387579579,16,Hours,N,ln(N),Tetraselmis tetrahele,ESAW,3,"Bernhardt, J.R., Sunday, J.M. and O’Connor, M.I., 2018. Metabolic theory and the temperature-size rule explain the temperature dependence of population carrying capacity. The American naturalist, 192(6), pp.687-697."
950.929883639516,13035.1317874204,9.475403436590403,16,Hours,N,ln(N),Tetraselmis tetrahele,ESAW,3,"Bernhardt, J.R., Sunday, J.M. and O’Connor, M.I., 2018. Metabolic theory and the temperature-size rule explain the temperature dependence of population carrying capacity. The American naturalist, 192(6), pp.687-697."
1014.24465708665,14410.1058568512,9.575685035035372,16,Hours,N,ln(N),Tetraselmis tetrahele,ESAW,3,"Bernhardt, J.R., Sunday, J.M. and O’Connor, M.I., 2018. Metabolic theory and the temperature-size rule explain the temperature dependence of population carrying capacity. The American naturalist, 192(6), pp.687-697."
28.6492947645229,1134.75177304979,7.034169203837923,16,Hours,N,ln(N),Tetraselmis tetrahele,ESAW,4,"Bernhardt, J.R., Sunday, J.M. and O’Connor, M.I., 2018. Metabolic theory and the temperature-size rule explain the temperature dependence of population carrying capacity. The American naturalist, 192(6), pp.687-697."
101.492075036721,773.68482476144,6.651164587509417,16,Hours,N,ln(N),Tetraselmis tetrahele,ESAW,4,"Bernhardt, J.R., Sunday, J.M. and O’Connor, M.I., 2018. Metabolic theory and the temperature-size rule explain the temperature dependence of population carrying capacity. The American naturalist, 192(6), pp.687-697."
198.020559407124,9219.85815602851,9.129114932053612,16,Hours,N,ln(N),Tetraselmis tetrahele,ESAW,4,"Bernhardt, J.R., Sunday, J.M. and O’Connor, M.I., 2018. Metabolic theory and the temperature-size rule explain the temperature dependence of population carrying capacity. The American naturalist, 192(6), pp.687-697."
271.619791707587,18346.2462888159,9.817180270639684,16,Hours,N,ln(N),Tetraselmis tetrahele,ESAW,4,"Bernhardt, J.R., Sunday, J.M. and O’Connor, M.I., 2018. Metabolic theory and the temperature-size rule explain the temperature dependence of population carrying capacity. The American naturalist, 192(6), pp.687-697."
324.446946582829,21928.3031718792,9.995533463675043,16,Hours,N,ln(N),Tetraselmis tetrahele,ESAW,4,"Bernhardt, J.R., Sunday, J.M. and O’Connor, M.I., 2018. Metabolic theory and the temperature-size rule explain the temperature dependence of population carrying capacity. The American naturalist, 192(6), pp.687-697."
443.509277014095,17134.7394636519,9.748863229270551,16,Hours,N,ln(N),Tetraselmis tetrahele,ESAW,4,"Bernhardt, J.R., Sunday, J.M. and O’Connor, M.I., 2018. Metabolic theory and the temperature-size rule explain the temperature dependence of population carrying capacity. The American naturalist, 192(6), pp.687-697."
537.000933449821,19795.8174367671,9.893225953800878,16,Hours,N,ln(N),Tetraselmis tetrahele,ESAW,4,"Bernhardt, J.R., Sunday, J.M. and O’Connor, M.I., 2018. Metabolic theory and the temperature-size rule explain the temperature dependence of population carrying capacity. The American naturalist, 192(6), pp.687-697."
611.097051723416,16318.7203814139,9.70006821744243,16,Hours,N,ln(N),Tetraselmis tetrahele,ESAW,4,"Bernhardt, J.R., Sunday, J.M. and O’Connor, M.I., 2018. Metabolic theory and the temperature-size rule explain the temperature dependence of population carrying capacity. The American naturalist, 192(6), pp.687-697."
700.767426261484,15526.6937957135,9.650316002023752,16,Hours,N,ln(N),Tetraselmis tetrahele,ESAW,4,"Bernhardt, J.R., Sunday, J.M. and O’Connor, M.I., 2018. Metabolic theory and the temperature-size rule explain the temperature dependence of population carrying capacity. The American naturalist, 192(6), pp.687-697."
773.179605995751,17331.1580353062,9.760261203056823,16,Hours,N,ln(N),Tetraselmis tetrahele,ESAW,4,"Bernhardt, J.R., Sunday, J.M. and O’Connor, M.I., 2018. Metabolic theory and the temperature-size rule explain the temperature dependence of population carrying capacity. The American naturalist, 192(6), pp.687-697."
853.649049897587,19985.7792522103,9.902776262239668,16,Hours,N,ln(N),Tetraselmis tetrahele,ESAW,4,"Bernhardt, J.R., Sunday, J.M. and O’Connor, M.I., 2018. Metabolic theory and the temperature-size rule explain the temperature dependence of population carrying capacity. The American naturalist, 192(6), pp.687-697."
973.728150752906,20625.2135599318,9.934269565570212,16,Hours,N,ln(N),Tetraselmis tetrahele,ESAW,4,"Bernhardt, J.R., Sunday, J.M. and O’Connor, M.I., 2018. Metabolic theory and the temperature-size rule explain the temperature dependence of population carrying capacity. The American naturalist, 192(6), pp.687-697."
1036.09454972117,15742.2606646044,9.664104137109605,16,Hours,N,ln(N),Tetraselmis tetrahele,ESAW,4,"Bernhardt, J.R., Sunday, J.M. and O’Connor, M.I., 2018. Metabolic theory and the temperature-size rule explain the temperature dependence of population carrying capacity. The American naturalist, 192(6), pp.687-697."
16.1797752808986,1134.7517730495,7.034169203837667,16,Hours,N,ln(N),Tetraselmis tetrahele,ESAW,5,"Bernhardt, J.R., Sunday, J.M. and O’Connor, M.I., 2018. Metabolic theory and the temperature-size rule explain the temperature dependence of population carrying capacity. The American naturalist, 192(6), pp.687-697."
83.7746746968214,1706.19319018825,7.442019963251209,16,Hours,N,ln(N),Tetraselmis tetrahele,ESAW,5,"Bernhardt, J.R., Sunday, J.M. and O’Connor, M.I., 2018. Metabolic theory and the temperature-size rule explain the temperature dependence of population carrying capacity. The American naturalist, 192(6), pp.687-697."
177.977528089888,9929.07801418426,9.203222904207305,16,Hours,N,ln(N),Tetraselmis tetrahele,ESAW,5,"Bernhardt, J.R., Sunday, J.M. and O’Connor, M.I., 2018. Metabolic theory and the temperature-size rule explain the temperature dependence of population carrying capacity. The American naturalist, 192(6), pp.687-697."
248.935418264259,18221.5487790333,9.810360171539008,16,Hours,N,ln(N),Tetraselmis tetrahele,ESAW,5,"Bernhardt, J.R., Sunday, J.M. and O’Connor, M.I., 2018. Metabolic theory and the temperature-size rule explain the temperature dependence of population carrying capacity. The American naturalist, 192(6), pp.687-697."
301.024930059438,17931.8387486199,9.794333112853675,16,Hours,N,ln(N),Tetraselmis tetrahele,ESAW,5,"Bernhardt, J.R., Sunday, J.M. and O’Connor, M.I., 2018. Metabolic theory and the temperature-size rule explain the temperature dependence of population carrying capacity. The American naturalist, 192(6), pp.687-697."
421.151602040473,19420.488106011,9.87408387572158,16,Hours,N,ln(N),Tetraselmis tetrahele,ESAW,5,"Bernhardt, J.R., Sunday, J.M. and O’Connor, M.I., 2018. Metabolic theory and the temperature-size rule explain the temperature dependence of population carrying capacity. The American naturalist, 192(6), pp.687-697."
514.013269762943,14718.4750253124,9.596858788092252,16,Hours,N,ln(N),Tetraselmis tetrahele,ESAW,5,"Bernhardt, J.R., Sunday, J.M. and O’Connor, M.I., 2018. Metabolic theory and the temperature-size rule explain the temperature dependence of population carrying capacity. The American naturalist, 192(6), pp.687-697."
587.865168539326,17730.4964539006,9.783041399460254,16,Hours,N,ln(N),Tetraselmis tetrahele,ESAW,5,"Bernhardt, J.R., Sunday, J.M. and O’Connor, M.I., 2018. Metabolic theory and the temperature-size rule explain the temperature dependence of population carrying capacity. The American naturalist, 192(6), pp.687-697."
678.979592207879,18939.4322032113,9.849001387579575,16,Hours,N,ln(N),Tetraselmis tetrahele,ESAW,5,"Bernhardt, J.R., Sunday, J.M. and O’Connor, M.I., 2018. Metabolic theory and the temperature-size rule explain the temperature dependence of population carrying capacity. The American naturalist, 192(6), pp.687-697."
749.662921348314,17446.8085106381,9.766912017530366,16,Hours,N,ln(N),Tetraselmis tetrahele,ESAW,5,"Bernhardt, J.R., Sunday, J.M. and O’Connor, M.I., 2018. Metabolic theory and the temperature-size rule explain the temperature dependence of population carrying capacity. The American naturalist, 192(6), pp.687-697."
830.561797752808,18156.0283687942,9.80675792607757,16,Hours,N,ln(N),Tetraselmis tetrahele,ESAW,5,"Bernhardt, J.R., Sunday, J.M. and O’Connor, M.I., 2018. Metabolic theory and the temperature-size rule explain the temperature dependence of population carrying capacity. The American naturalist, 192(6), pp.687-697."
950.754557015684,16781.8171842256,9.728051268807672,16,Hours,N,ln(N),Tetraselmis tetrahele,ESAW,5,"Bernhardt, J.R., Sunday, J.M. and O’Connor, M.I., 2018. Metabolic theory and the temperature-size rule explain the temperature dependence of population carrying capacity. The American naturalist, 192(6), pp.687-697."
1014.34067949188,15276.0064818905,9.634038672663888,16,Hours,N,ln(N),Tetraselmis tetrahele,ESAW,5,"Bernhardt, J.R., Sunday, J.M. and O’Connor, M.I., 2018. Metabolic theory and the temperature-size rule explain the temperature dependence of population carrying capacity. The American naturalist, 192(6), pp.687-697."
16.1797752808988,1267.60563380283,7.144885072271097,25,Hours,N,ln(N),Tetraselmis tetrahele,ESAW,1,"Bernhardt, J.R., Sunday, J.M. and O’Connor, M.I., 2018. Metabolic theory and the temperature-size rule explain the temperature dependence of population carrying capacity. The American naturalist, 192(6), pp.687-697."
84.6877604774447,7463.54238188779,8.917785430611174,25,Hours,N,ln(N),Tetraselmis tetrahele,ESAW,1,"Bernhardt, J.R., Sunday, J.M. and O’Connor, M.I., 2018. Metabolic theory and the temperature-size rule explain the temperature dependence of population carrying capacity. The American naturalist, 192(6), pp.687-697."
178.956423165405,8615.72003733581,9.061343724962878,25,Hours,N,ln(N),Tetraselmis tetrahele,ESAW,1,"Bernhardt, J.R., Sunday, J.M. and O’Connor, M.I., 2018. Metabolic theory and the temperature-size rule explain the temperature dependence of population carrying capacity. The American naturalist, 192(6), pp.687-697."
249.81268962758,4620.00896666756,8.438151924911036,25,Hours,N,ln(N),Tetraselmis tetrahele,ESAW,1,"Bernhardt, J.R., Sunday, J.M. and O’Connor, M.I., 2018. Metabolic theory and the temperature-size rule explain the temperature dependence of population carrying capacity. The American naturalist, 192(6), pp.687-697."
302.219232106539,5099.08486527475,8.536816364430038,25,Hours,N,ln(N),Tetraselmis tetrahele,ESAW,1,"Bernhardt, J.R., Sunday, J.M. and O’Connor, M.I., 2018. Metabolic theory and the temperature-size rule explain the temperature dependence of population carrying capacity. The American naturalist, 192(6), pp.687-697."
420.674157303371,10563.3802816901,9.265148608471174,25,Hours,N,ln(N),Tetraselmis tetrahele,ESAW,1,"Bernhardt, J.R., Sunday, J.M. and O’Connor, M.I., 2018. Metabolic theory and the temperature-size rule explain the temperature dependence of population carrying capacity. The American naturalist, 192(6), pp.687-697."
517.752808988764,10985.9154929578,9.304369321624463,25,Hours,N,ln(N),Tetraselmis tetrahele,ESAW,1,"Bernhardt, J.R., Sunday, J.M. and O’Connor, M.I., 2018. Metabolic theory and the temperature-size rule explain the temperature dependence of population carrying capacity. The American naturalist, 192(6), pp.687-697."
593.258426966292,11549.2957746479,9.354379742199121,25,Hours,N,ln(N),Tetraselmis tetrahele,ESAW,1,"Bernhardt, J.R., Sunday, J.M. and O’Connor, M.I., 2018. Metabolic theory and the temperature-size rule explain the temperature dependence of population carrying capacity. The American naturalist, 192(6), pp.687-697."
679.846630880538,8233.58548919632,9.015976859697162,25,Hours,N,ln(N),Tetraselmis tetrahele,ESAW,1,"Bernhardt, J.R., Sunday, J.M. and O’Connor, M.I., 2018. Metabolic theory and the temperature-size rule explain the temperature dependence of population carrying capacity. The American naturalist, 192(6), pp.687-697."
751.634072192601,11019.8273536553,9.307451415946732,25,Hours,N,ln(N),Tetraselmis tetrahele,ESAW,1,"Bernhardt, J.R., Sunday, J.M. and O’Connor, M.I., 2018. Metabolic theory and the temperature-size rule explain the temperature dependence of population carrying capacity. The American naturalist, 192(6), pp.687-697."
830.561797752809,12816.9014084507,9.458520001451717,25,Hours,N,ln(N),Tetraselmis tetrahele,ESAW,1,"Bernhardt, J.R., Sunday, J.M. and O’Connor, M.I., 2018. Metabolic theory and the temperature-size rule explain the temperature dependence of population carrying capacity. The American naturalist, 192(6), pp.687-697."
954.606741573034,11690.1408450704,9.366501102731464,25,Hours,N,ln(N),Tetraselmis tetrahele,ESAW,1,"Bernhardt, J.R., Sunday, J.M. and O’Connor, M.I., 2018. Metabolic theory and the temperature-size rule explain the temperature dependence of population carrying capacity. The American naturalist, 192(6), pp.687-697."
1014.83311871869,14565.0226646591,9.586378225496622,25,Hours,N,ln(N),Tetraselmis tetrahele,ESAW,1,"Bernhardt, J.R., Sunday, J.M. and O’Connor, M.I., 2018. Metabolic theory and the temperature-size rule explain the temperature dependence of population carrying capacity. The American naturalist, 192(6), pp.687-697."
10.7865168539327,1134.75177304968,7.034169203837826,25,Hours,N,ln(N),Tetraselmis tetrahele,ESAW,2,"Bernhardt, J.R., Sunday, J.M. and O’Connor, M.I., 2018. Metabolic theory and the temperature-size rule explain the temperature dependence of population carrying capacity. The American naturalist, 192(6), pp.687-697."
84.367394816366,6397.74664378492,8.76370112044201,25,Hours,N,ln(N),Tetraselmis tetrahele,ESAW,2,"Bernhardt, J.R., Sunday, J.M. and O’Connor, M.I., 2018. Metabolic theory and the temperature-size rule explain the temperature dependence of population carrying capacity. The American naturalist, 192(6), pp.687-697."
179.004434368019,6033.48976857406,8.705080856742608,25,Hours,N,ln(N),Tetraselmis tetrahele,ESAW,2,"Bernhardt, J.R., Sunday, J.M. and O’Connor, M.I., 2018. Metabolic theory and the temperature-size rule explain the temperature dependence of population carrying capacity. The American naturalist, 192(6), pp.687-697."
250.010780293179,5619.04160616202,8.633916395633996,25,Hours,N,ln(N),Tetraselmis tetrahele,ESAW,2,"Bernhardt, J.R., Sunday, J.M. and O’Connor, M.I., 2018. Metabolic theory and the temperature-size rule explain the temperature dependence of population carrying capacity. The American naturalist, 192(6), pp.687-697."
302.022471910112,4822.69503546099,8.481088186774121,25,Hours,N,ln(N),Tetraselmis tetrahele,ESAW,2,"Bernhardt, J.R., Sunday, J.M. and O’Connor, M.I., 2018. Metabolic theory and the temperature-size rule explain the temperature dependence of population carrying capacity. The American naturalist, 192(6), pp.687-697."
421.90485956157,5612.75785706885,8.632797474348171,25,Hours,N,ln(N),Tetraselmis tetrahele,ESAW,2,"Bernhardt, J.R., Sunday, J.M. and O’Connor, M.I., 2018. Metabolic theory and the temperature-size rule explain the temperature dependence of population carrying capacity. The American naturalist, 192(6), pp.687-697."
514.387602721337,10422.9788120152,9.251768148926665,25,Hours,N,ln(N),Tetraselmis tetrahele,ESAW,2,"Bernhardt, J.R., Sunday, J.M. and O’Connor, M.I., 2018. Metabolic theory and the temperature-size rule explain the temperature dependence of population carrying capacity. The American naturalist, 192(6), pp.687-697."
589.227886506852,8192.52248477581,9.010977125125299,25,Hours,N,ln(N),Tetraselmis tetrahele,ESAW,2,"Bernhardt, J.R., Sunday, J.M. and O’Connor, M.I., 2018. Metabolic theory and the temperature-size rule explain the temperature dependence of population carrying capacity. The American naturalist, 192(6), pp.687-697."
679.894642083153,9282.46732748281,9.135882666247875,25,Hours,N,ln(N),Tetraselmis tetrahele,ESAW,2,"Bernhardt, J.R., Sunday, J.M. and O’Connor, M.I., 2018. Metabolic theory and the temperature-size rule explain the temperature dependence of population carrying capacity. The American naturalist, 192(6), pp.687-697."
751.46378599451,8949.42862554455,9.099344968509715,25,Hours,N,ln(N),Tetraselmis tetrahele,ESAW,2,"Bernhardt, J.R., Sunday, J.M. and O’Connor, M.I., 2018. Metabolic theory and the temperature-size rule explain the temperature dependence of population carrying capacity. The American naturalist, 192(6), pp.687-697."
830.041104829221,13861.7494791338,9.536888489823912,25,Hours,N,ln(N),Tetraselmis tetrahele,ESAW,2,"Bernhardt, J.R., Sunday, J.M. and O’Connor, M.I., 2018. Metabolic theory and the temperature-size rule explain the temperature dependence of population carrying capacity. The American naturalist, 192(6), pp.687-697."
950.881872436902,13178.4358617359,9.486337125880201,25,Hours,N,ln(N),Tetraselmis tetrahele,ESAW,2,"Bernhardt, J.R., Sunday, J.M. and O’Connor, M.I., 2018. Metabolic theory and the temperature-size rule explain the temperature dependence of population carrying capacity. The American naturalist, 192(6), pp.687-697."
1019.32584269663,11489.3617021276,9.349176816830393,25,Hours,N,ln(N),Tetraselmis tetrahele,ESAW,2,"Bernhardt, J.R., Sunday, J.M. and O’Connor, M.I., 2018. Metabolic theory and the temperature-size rule explain the temperature dependence of population carrying capacity. The American naturalist, 192(6), pp.687-697."
16.1797752808986,1267.60563380283,7.144885072271097,25,Hours,N,ln(N),Tetraselmis tetrahele,ESAW,3,"Bernhardt, J.R., Sunday, J.M. and O’Connor, M.I., 2018. Metabolic theory and the temperature-size rule explain the temperature dependence of population carrying capacity. The American naturalist, 192(6), pp.687-697."
84.4219841772601,7012.38215644014,8.85543274490403,25,Hours,N,ln(N),Tetraselmis tetrahele,ESAW,3,"Bernhardt, J.R., Sunday, J.M. and O’Connor, M.I., 2018. Metabolic theory and the temperature-size rule explain the temperature dependence of population carrying capacity. The American naturalist, 192(6), pp.687-697."
178.489647584436,7572.19877126261,8.93223876281174,25,Hours,N,ln(N),Tetraselmis tetrahele,ESAW,3,"Bernhardt, J.R., Sunday, J.M. and O’Connor, M.I., 2018. Metabolic theory and the temperature-size rule explain the temperature dependence of population carrying capacity. The American naturalist, 192(6), pp.687-697."
248.089887640449,5915.49295774651,8.68533011321824,25,Hours,N,ln(N),Tetraselmis tetrahele,ESAW,3,"Bernhardt, J.R., Sunday, J.M. and O’Connor, M.I., 2018. Metabolic theory and the temperature-size rule explain the temperature dependence of population carrying capacity. The American naturalist, 192(6), pp.687-697."
302.022471910112,6338.0281690141,8.754322984705189,25,Hours,N,ln(N),Tetraselmis tetrahele,ESAW,3,"Bernhardt, J.R., Sunday, J.M. and O’Connor, M.I., 2018. Metabolic theory and the temperature-size rule explain the temperature dependence of population carrying capacity. The American naturalist, 192(6), pp.687-697."
420.674157303371,8873.23943661974,9.090795221326402,25,Hours,N,ln(N),Tetraselmis tetrahele,ESAW,3,"Bernhardt, J.R., Sunday, J.M. and O’Connor, M.I., 2018. Metabolic theory and the temperature-size rule explain the temperature dependence of population carrying capacity. The American naturalist, 192(6), pp.687-697."
514.679582811746,8535.41833683517,9.05197964830215,25,Hours,N,ln(N),Tetraselmis tetrahele,ESAW,3,"Bernhardt, J.R., Sunday, J.M. and O’Connor, M.I., 2018. Metabolic theory and the temperature-size rule explain the temperature dependence of population carrying capacity. The American naturalist, 192(6), pp.687-697."
589.332177508084,7822.05597581535,8.964702711492277,25,Hours,N,ln(N),Tetraselmis tetrahele,ESAW,3,"Bernhardt, J.R., Sunday, J.M. and O’Connor, M.I., 2018. Metabolic theory and the temperature-size rule explain the temperature dependence of population carrying capacity. The American naturalist, 192(6), pp.687-697."
679.550561797753,10845.0704225352,9.29146591678855,25,Hours,N,ln(N),Tetraselmis tetrahele,ESAW,3,"Bernhardt, J.R., Sunday, J.M. and O’Connor, M.I., 2018. Metabolic theory and the temperature-size rule explain the temperature dependence of population carrying capacity. The American naturalist, 192(6), pp.687-697."
751.417997532757,13245.4270628718,9.491407644513794,25,Hours,N,ln(N),Tetraselmis tetrahele,ESAW,3,"Bernhardt, J.R., Sunday, J.M. and O’Connor, M.I., 2018. Metabolic theory and the temperature-size rule explain the temperature dependence of population carrying capacity. The American naturalist, 192(6), pp.687-697."
829.733895484704,14074.2314692037,9.552100848973865,25,Hours,N,ln(N),Tetraselmis tetrahele,ESAW,3,"Bernhardt, J.R., Sunday, J.M. and O’Connor, M.I., 2018. Metabolic theory and the temperature-size rule explain the temperature dependence of population carrying capacity. The American naturalist, 192(6), pp.687-697."
951.285334999219,9156.04591157757,9.122169695430525,25,Hours,N,ln(N),Tetraselmis tetrahele,ESAW,3,"Bernhardt, J.R., Sunday, J.M. and O’Connor, M.I., 2018. Metabolic theory and the temperature-size rule explain the temperature dependence of population carrying capacity. The American naturalist, 192(6), pp.687-697."
1014.80745507285,11790.3762834176,9.375038908494359,25,Hours,N,ln(N),Tetraselmis tetrahele,ESAW,3,"Bernhardt, J.R., Sunday, J.M. and O’Connor, M.I., 2018. Metabolic theory and the temperature-size rule explain the temperature dependence of population carrying capacity. The American naturalist, 192(6), pp.687-697."
16.1797752808986,610.407203761279,6.414126281606504,25,Hours,N,ln(N),Tetraselmis tetrahele,ESAW,4,"Bernhardt, J.R., Sunday, J.M. and O’Connor, M.I., 2018. Metabolic theory and the temperature-size rule explain the temperature dependence of population carrying capacity. The American naturalist, 192(6), pp.687-697."
83.3582866305167,5684.24079738533,8.645452852391674,25,Hours,N,ln(N),Tetraselmis tetrahele,ESAW,4,"Bernhardt, J.R., Sunday, J.M. and O’Connor, M.I., 2018. Metabolic theory and the temperature-size rule explain the temperature dependence of population carrying capacity. The American naturalist, 192(6), pp.687-697."
178.53765878705,6964.27089319831,8.848548199212276,25,Hours,N,ln(N),Tetraselmis tetrahele,ESAW,4,"Bernhardt, J.R., Sunday, J.M. and O’Connor, M.I., 2018. Metabolic theory and the temperature-size rule explain the temperature dependence of population carrying capacity. The American naturalist, 192(6), pp.687-697."
249.992903105963,4408.34586327494,8.391254810385151,25,Hours,N,ln(N),Tetraselmis tetrahele,ESAW,4,"Bernhardt, J.R., Sunday, J.M. and O’Connor, M.I., 2018. Metabolic theory and the temperature-size rule explain the temperature dependence of population carrying capacity. The American naturalist, 192(6), pp.687-697."
302.022471910113,6951.15148617423,8.846662606299098,25,Hours,N,ln(N),Tetraselmis tetrahele,ESAW,4,"Bernhardt, J.R., Sunday, J.M. and O’Connor, M.I., 2018. Metabolic theory and the temperature-size rule explain the temperature dependence of population carrying capacity. The American naturalist, 192(6), pp.687-697."
420.674157303371,10905.2514144554,9.29699973334066,25,Hours,N,ln(N),Tetraselmis tetrahele,ESAW,4,"Bernhardt, J.R., Sunday, J.M. and O’Connor, M.I., 2018. Metabolic theory and the temperature-size rule explain the temperature dependence of population carrying capacity. The American naturalist, 192(6), pp.687-697."
517.752808988765,11883.8154434617,9.382932706628663,25,Hours,N,ln(N),Tetraselmis tetrahele,ESAW,4,"Bernhardt, J.R., Sunday, J.M. and O’Connor, M.I., 2018. Metabolic theory and the temperature-size rule explain the temperature dependence of population carrying capacity. The American naturalist, 192(6), pp.687-697."
588.817390724503,10671.745393074,9.275354910400234,25,Hours,N,ln(N),Tetraselmis tetrahele,ESAW,4,"Bernhardt, J.R., Sunday, J.M. and O’Connor, M.I., 2018. Metabolic theory and the temperature-size rule explain the temperature dependence of population carrying capacity. The American naturalist, 192(6), pp.687-697."
679.550561797754,12852.8169575265,9.461318284783058,25,Hours,N,ln(N),Tetraselmis tetrahele,ESAW,4,"Bernhardt, J.R., Sunday, J.M. and O’Connor, M.I., 2018. Metabolic theory and the temperature-size rule explain the temperature dependence of population carrying capacity. The American naturalist, 192(6), pp.687-697."
749.662921348316,13126.1455096024,9.482361360573503,25,Hours,N,ln(N),Tetraselmis tetrahele,ESAW,4,"Bernhardt, J.R., Sunday, J.M. and O’Connor, M.I., 2018. Metabolic theory and the temperature-size rule explain the temperature dependence of population carrying capacity. The American naturalist, 192(6), pp.687-697."
751.279338116188,14036.9875890781,9.549451095376217,25,Hours,N,ln(N),Tetraselmis tetrahele,ESAW,4,"Bernhardt, J.R., Sunday, J.M. and O’Connor, M.I., 2018. Metabolic theory and the temperature-size rule explain the temperature dependence of population carrying capacity. The American naturalist, 192(6), pp.687-697."
830.56179775281,13114.1923659256,9.481450309461259,25,Hours,N,ln(N),Tetraselmis tetrahele,ESAW,4,"Bernhardt, J.R., Sunday, J.M. and O’Connor, M.I., 2018. Metabolic theory and the temperature-size rule explain the temperature dependence of population carrying capacity. The American naturalist, 192(6), pp.687-697."
949.213483146069,11820.0653438521,9.377553819189487,25,Hours,N,ln(N),Tetraselmis tetrahele,ESAW,4,"Bernhardt, J.R., Sunday, J.M. and O’Connor, M.I., 2018. Metabolic theory and the temperature-size rule explain the temperature dependence of population carrying capacity. The American naturalist, 192(6), pp.687-697."
949.213483146069,11394.5334289585,9.340888995598723,25,Hours,N,ln(N),Tetraselmis tetrahele,ESAW,4,"Bernhardt, J.R., Sunday, J.M. and O’Connor, M.I., 2018. Metabolic theory and the temperature-size rule explain the temperature dependence of population carrying capacity. The American naturalist, 192(6), pp.687-697."
1014.29266828927,10941.9183625116,9.300356413666638,25,Hours,N,ln(N),Tetraselmis tetrahele,ESAW,4,"Bernhardt, J.R., Sunday, J.M. and O’Connor, M.I., 2018. Metabolic theory and the temperature-size rule explain the temperature dependence of population carrying capacity. The American naturalist, 192(6), pp.687-697."
10.7865168539327,1267.6056338028,7.144885072271073,25,Hours,N,ln(N),Tetraselmis tetrahele,ESAW,5,"Bernhardt, J.R., Sunday, J.M. and O’Connor, M.I., 2018. Metabolic theory and the temperature-size rule explain the temperature dependence of population carrying capacity. The American naturalist, 192(6), pp.687-697."
80.8988764044946,6197.18309859154,8.731850128853127,25,Hours,N,ln(N),Tetraselmis tetrahele,ESAW,5,"Bernhardt, J.R., Sunday, J.M. and O’Connor, M.I., 2018. Metabolic theory and the temperature-size rule explain the temperature dependence of population carrying capacity. The American naturalist, 192(6), pp.687-697."
177.977528089886,10281.6901408451,9.238119936083262,25,Hours,N,ln(N),Tetraselmis tetrahele,ESAW,5,"Bernhardt, J.R., Sunday, J.M. and O’Connor, M.I., 2018. Metabolic theory and the temperature-size rule explain the temperature dependence of population carrying capacity. The American naturalist, 192(6), pp.687-697."
249.498216250456,6410.04782403621,8.765622010734967,25,Hours,N,ln(N),Tetraselmis tetrahele,ESAW,5,"Bernhardt, J.R., Sunday, J.M. and O’Connor, M.I., 2018. Metabolic theory and the temperature-size rule explain the temperature dependence of population carrying capacity. The American naturalist, 192(6), pp.687-697."
302.037966434591,9254.52607742492,9.132868016503048,25,Hours,N,ln(N),Tetraselmis tetrahele,ESAW,5,"Bernhardt, J.R., Sunday, J.M. and O’Connor, M.I., 2018. Metabolic theory and the temperature-size rule explain the temperature dependence of population carrying capacity. The American naturalist, 192(6), pp.687-697."
420.67415730337,11549.2957746479,9.354379742199121,25,Hours,N,ln(N),Tetraselmis tetrahele,ESAW,5,"Bernhardt, J.R., Sunday, J.M. and O’Connor, M.I., 2018. Metabolic theory and the temperature-size rule explain the temperature dependence of population carrying capacity. The American naturalist, 192(6), pp.687-697."
514.36900056554,9659.9345808911,9.175742155019151,25,Hours,N,ln(N),Tetraselmis tetrahele,ESAW,5,"Bernhardt, J.R., Sunday, J.M. and O’Connor, M.I., 2018. Metabolic theory and the temperature-size rule explain the temperature dependence of population carrying capacity. The American naturalist, 192(6), pp.687-697."
588.865401927116,10019.3296276173,9.212271468969314,25,Hours,N,ln(N),Tetraselmis tetrahele,ESAW,5,"Bernhardt, J.R., Sunday, J.M. and O’Connor, M.I., 2018. Metabolic theory and the temperature-size rule explain the temperature dependence of population carrying capacity. The American naturalist, 192(6), pp.687-697."
680.038675690994,15310.4233710871,9.636289141508255,25,Hours,N,ln(N),Tetraselmis tetrahele,ESAW,5,"Bernhardt, J.R., Sunday, J.M. and O’Connor, M.I., 2018. Metabolic theory and the temperature-size rule explain the temperature dependence of population carrying capacity. The American naturalist, 192(6), pp.687-697."
751.514019937984,11819.7712486591,9.377528937867497,25,Hours,N,ln(N),Tetraselmis tetrahele,ESAW,5,"Bernhardt, J.R., Sunday, J.M. and O’Connor, M.I., 2018. Metabolic theory and the temperature-size rule explain the temperature dependence of population carrying capacity. The American naturalist, 192(6), pp.687-697."
830.004239084356,12875.1029918383,9.463050724866024,25,Hours,N,ln(N),Tetraselmis tetrahele,ESAW,5,"Bernhardt, J.R., Sunday, J.M. and O’Connor, M.I., 2018. Metabolic theory and the temperature-size rule explain the temperature dependence of population carrying capacity. The American naturalist, 192(6), pp.687-697."
1013.93258426966,11408.4507042254,9.34210964960731,25,Hours,N,ln(N),Tetraselmis tetrahele,ESAW,5,"Bernhardt, J.R., Sunday, J.M. and O’Connor, M.I., 2018. Metabolic theory and the temperature-size rule explain the temperature dependence of population carrying capacity. The American naturalist, 192(6), pp.687-697."
